,CODE_GENDER,FLAG_OWN_CAR,FLAG_OWN_REALTY,CNT_CHILDREN,AMT_INCOME_TOTAL,AMT_CREDIT,AMT_ANNUITY,AMT_GOODS_PRICE,REGION_POPULATION_RELATIVE,DAYS_BIRTH,DAYS_EMPLOYED,DAYS_REGISTRATION,DAYS_ID_PUBLISH,OWN_CAR_AGE,FLAG_MOBIL,FLAG_EMP_PHONE,FLAG_WORK_PHONE,FLAG_CONT_MOBILE,FLAG_PHONE,FLAG_EMAIL,CNT_FAM_MEMBERS,REGION_RATING_CLIENT,REGION_RATING_CLIENT_W_CITY,HOUR_APPR_PROCESS_START,REG_REGION_NOT_LIVE_REGION,REG_REGION_NOT_WORK_REGION,LIVE_REGION_NOT_WORK_REGION,REG_CITY_NOT_LIVE_CITY,REG_CITY_NOT_WORK_CITY,LIVE_CITY_NOT_WORK_CITY,EXT_SOURCE_1,EXT_SOURCE_2,EXT_SOURCE_3,APARTMENTS_AVG,BASEMENTAREA_AVG,YEARS_BEGINEXPLUATATION_AVG,YEARS_BUILD_AVG,COMMONAREA_AVG,ELEVATORS_AVG,ENTRANCES_AVG,FLOORSMAX_AVG,FLOORSMIN_AVG,LANDAREA_AVG,LIVINGAPARTMENTS_AVG,LIVINGAREA_AVG,NONLIVINGAPARTMENTS_AVG,NONLIVINGAREA_AVG,APARTMENTS_MODE,BASEMENTAREA_MODE,YEARS_BEGINEXPLUATATION_MODE,YEARS_BUILD_MODE,COMMONAREA_MODE,ELEVATORS_MODE,ENTRANCES_MODE,FLOORSMAX_MODE,FLOORSMIN_MODE,LANDAREA_MODE,LIVINGAPARTMENTS_MODE,LIVINGAREA_MODE,NONLIVINGAPARTMENTS_MODE,NONLIVINGAREA_MODE,APARTMENTS_MEDI,BASEMENTAREA_MEDI,YEARS_BEGINEXPLUATATION_MEDI,YEARS_BUILD_MEDI,COMMONAREA_MEDI,ELEVATORS_MEDI,ENTRANCES_MEDI,FLOORSMAX_MEDI,FLOORSMIN_MEDI,LANDAREA_MEDI,LIVINGAPARTMENTS_MEDI,LIVINGAREA_MEDI,NONLIVINGAPARTMENTS_MEDI,NONLIVINGAREA_MEDI,TOTALAREA_MODE,OBS_30_CNT_SOCIAL_CIRCLE,DEF_30_CNT_SOCIAL_CIRCLE,OBS_60_CNT_SOCIAL_CIRCLE,DEF_60_CNT_SOCIAL_CIRCLE,DAYS_LAST_PHONE_CHANGE,FLAG_DOCUMENT_2,FLAG_DOCUMENT_3,FLAG_DOCUMENT_4,FLAG_DOCUMENT_5,FLAG_DOCUMENT_6,FLAG_DOCUMENT_7,FLAG_DOCUMENT_8,FLAG_DOCUMENT_9,FLAG_DOCUMENT_10,FLAG_DOCUMENT_11,FLAG_DOCUMENT_12,FLAG_DOCUMENT_13,FLAG_DOCUMENT_14,FLAG_DOCUMENT_15,FLAG_DOCUMENT_16,FLAG_DOCUMENT_17,FLAG_DOCUMENT_18,FLAG_DOCUMENT_19,FLAG_DOCUMENT_20,FLAG_DOCUMENT_21,AMT_REQ_CREDIT_BUREAU_HOUR,AMT_REQ_CREDIT_BUREAU_DAY,AMT_REQ_CREDIT_BUREAU_WEEK,AMT_REQ_CREDIT_BUREAU_MON,AMT_REQ_CREDIT_BUREAU_QRT,AMT_REQ_CREDIT_BUREAU_YEAR,NAME_CONTRACT_TYPE_Cashloans,NAME_CONTRACT_TYPE_Revolvingloans,NAME_TYPE_SUITE_Children,NAME_TYPE_SUITE_Family,NAME_TYPE_SUITE_Groupofpeople,NAME_TYPE_SUITE_Other_A,NAME_TYPE_SUITE_Other_B,NAME_TYPE_SUITE_Spousepartner,NAME_TYPE_SUITE_Unaccompanied,NAME_INCOME_TYPE_Businessman,NAME_INCOME_TYPE_Commercialassociate,NAME_INCOME_TYPE_Maternityleave,NAME_INCOME_TYPE_Pensioner,NAME_INCOME_TYPE_Stateservant,NAME_INCOME_TYPE_Student,NAME_INCOME_TYPE_Unemployed,NAME_INCOME_TYPE_Working,NAME_EDUCATION_TYPE_Academicdegree,NAME_EDUCATION_TYPE_Highereducation,NAME_EDUCATION_TYPE_Incompletehigher,NAME_EDUCATION_TYPE_Lowersecondary,NAME_EDUCATION_TYPE_Secondarysecondaryspecial,NAME_FAMILY_STATUS_Civilmarriage,NAME_FAMILY_STATUS_Married,NAME_FAMILY_STATUS_Separated,NAME_FAMILY_STATUS_Singlenotmarried,NAME_FAMILY_STATUS_Unknown,NAME_FAMILY_STATUS_Widow,NAME_HOUSING_TYPE_Coopapartment,NAME_HOUSING_TYPE_Houseapartment,NAME_HOUSING_TYPE_Municipalapartment,NAME_HOUSING_TYPE_Officeapartment,NAME_HOUSING_TYPE_Rentedapartment,NAME_HOUSING_TYPE_Withparents,OCCUPATION_TYPE_Accountants,OCCUPATION_TYPE_Cleaningstaff,OCCUPATION_TYPE_Cookingstaff,OCCUPATION_TYPE_Corestaff,OCCUPATION_TYPE_Drivers,OCCUPATION_TYPE_HRstaff,OCCUPATION_TYPE_Highskilltechstaff,OCCUPATION_TYPE_ITstaff,OCCUPATION_TYPE_Laborers,OCCUPATION_TYPE_LowskillLaborers,OCCUPATION_TYPE_Managers,OCCUPATION_TYPE_Medicinestaff,OCCUPATION_TYPE_Privateservicestaff,OCCUPATION_TYPE_Realtyagents,OCCUPATION_TYPE_Salesstaff,OCCUPATION_TYPE_Secretaries,OCCUPATION_TYPE_Securitystaff,OCCUPATION_TYPE_Waitersbarmenstaff,WEEKDAY_APPR_PROCESS_START_FRIDAY,WEEKDAY_APPR_PROCESS_START_MONDAY,WEEKDAY_APPR_PROCESS_START_SATURDAY,WEEKDAY_APPR_PROCESS_START_SUNDAY,WEEKDAY_APPR_PROCESS_START_THURSDAY,WEEKDAY_APPR_PROCESS_START_TUESDAY,WEEKDAY_APPR_PROCESS_START_WEDNESDAY,ORGANIZATION_TYPE_Advertising,ORGANIZATION_TYPE_Agriculture,ORGANIZATION_TYPE_Bank,ORGANIZATION_TYPE_BusinessEntityType1,ORGANIZATION_TYPE_BusinessEntityType2,ORGANIZATION_TYPE_BusinessEntityType3,ORGANIZATION_TYPE_Cleaning,ORGANIZATION_TYPE_Construction,ORGANIZATION_TYPE_Culture,ORGANIZATION_TYPE_Electricity,ORGANIZATION_TYPE_Emergency,ORGANIZATION_TYPE_Government,ORGANIZATION_TYPE_Hotel,ORGANIZATION_TYPE_Housing,ORGANIZATION_TYPE_Industrytype1,ORGANIZATION_TYPE_Industrytype10,ORGANIZATION_TYPE_Industrytype11,ORGANIZATION_TYPE_Industrytype12,ORGANIZATION_TYPE_Industrytype13,ORGANIZATION_TYPE_Industrytype2,ORGANIZATION_TYPE_Industrytype3,ORGANIZATION_TYPE_Industrytype4,ORGANIZATION_TYPE_Industrytype5,ORGANIZATION_TYPE_Industrytype6,ORGANIZATION_TYPE_Industrytype7,ORGANIZATION_TYPE_Industrytype8,ORGANIZATION_TYPE_Industrytype9,ORGANIZATION_TYPE_Insurance,ORGANIZATION_TYPE_Kindergarten,ORGANIZATION_TYPE_LegalServices,ORGANIZATION_TYPE_Medicine,ORGANIZATION_TYPE_Military,ORGANIZATION_TYPE_Mobile,ORGANIZATION_TYPE_Other,ORGANIZATION_TYPE_Police,ORGANIZATION_TYPE_Postal,ORGANIZATION_TYPE_Realtor,ORGANIZATION_TYPE_Religion,ORGANIZATION_TYPE_Restaurant,ORGANIZATION_TYPE_School,ORGANIZATION_TYPE_Security,ORGANIZATION_TYPE_SecurityMinistries,ORGANIZATION_TYPE_Selfemployed,ORGANIZATION_TYPE_Services,ORGANIZATION_TYPE_Telecom,ORGANIZATION_TYPE_Tradetype1,ORGANIZATION_TYPE_Tradetype2,ORGANIZATION_TYPE_Tradetype3,ORGANIZATION_TYPE_Tradetype4,ORGANIZATION_TYPE_Tradetype5,ORGANIZATION_TYPE_Tradetype6,ORGANIZATION_TYPE_Tradetype7,ORGANIZATION_TYPE_Transporttype1,ORGANIZATION_TYPE_Transporttype2,ORGANIZATION_TYPE_Transporttype3,ORGANIZATION_TYPE_Transporttype4,ORGANIZATION_TYPE_University,ORGANIZATION_TYPE_XNA,FONDKAPREMONT_MODE_notspecified,FONDKAPREMONT_MODE_orgspecaccount,FONDKAPREMONT_MODE_regoperaccount,FONDKAPREMONT_MODE_regoperspecaccount,HOUSETYPE_MODE_blockofflats,HOUSETYPE_MODE_specifichousing,HOUSETYPE_MODE_terracedhouse,WALLSMATERIAL_MODE_Block,WALLSMATERIAL_MODE_Mixed,WALLSMATERIAL_MODE_Monolithic,WALLSMATERIAL_MODE_Others,WALLSMATERIAL_MODE_Panel,WALLSMATERIAL_MODE_Stonebrick,WALLSMATERIAL_MODE_Wooden,EMERGENCYSTATE_MODE_No,EMERGENCYSTATE_MODE_Yes,DAYS_EMPLOYED_PERC,INCOME_CREDIT_PERC,INCOME_PER_PERSON,ANNUITY_INCOME_PERC,PAYMENT_RATE,BURO_DAYS_CREDIT_MIN,BURO_DAYS_CREDIT_MAX,BURO_DAYS_CREDIT_MEAN,BURO_DAYS_CREDIT_VAR,BURO_DAYS_CREDIT_ENDDATE_MIN,BURO_DAYS_CREDIT_ENDDATE_MAX,BURO_DAYS_CREDIT_ENDDATE_MEAN,BURO_DAYS_CREDIT_UPDATE_MEAN,BURO_CREDIT_DAY_OVERDUE_MAX,BURO_CREDIT_DAY_OVERDUE_MEAN,BURO_AMT_CREDIT_MAX_OVERDUE_MEAN,BURO_AMT_CREDIT_SUM_MAX,BURO_AMT_CREDIT_SUM_MEAN,BURO_AMT_CREDIT_SUM_SUM,BURO_AMT_CREDIT_SUM_DEBT_MAX,BURO_AMT_CREDIT_SUM_DEBT_MEAN,BURO_AMT_CREDIT_SUM_DEBT_SUM,BURO_AMT_CREDIT_SUM_OVERDUE_MEAN,BURO_AMT_CREDIT_SUM_LIMIT_MEAN,BURO_AMT_CREDIT_SUM_LIMIT_SUM,BURO_AMT_ANNUITY_MAX,BURO_AMT_ANNUITY_MEAN,BURO_CNT_CREDIT_PROLONG_SUM,BURO_MONTHS_BALANCE_MIN_MIN,BURO_MONTHS_BALANCE_MAX_MAX,BURO_MONTHS_BALANCE_SIZE_MEAN,BURO_MONTHS_BALANCE_SIZE_SUM,BURO_CREDIT_ACTIVE_Active_MEAN,BURO_CREDIT_ACTIVE_Baddebt_MEAN,BURO_CREDIT_ACTIVE_Closed_MEAN,BURO_CREDIT_ACTIVE_Sold_MEAN,BURO_CREDIT_ACTIVE_nan_MEAN,BURO_CREDIT_CURRENCY_currency1_MEAN,BURO_CREDIT_CURRENCY_currency2_MEAN,BURO_CREDIT_CURRENCY_currency3_MEAN,BURO_CREDIT_CURRENCY_currency4_MEAN,BURO_CREDIT_CURRENCY_nan_MEAN,BURO_CREDIT_TYPE_Anothertypeofloan_MEAN,BURO_CREDIT_TYPE_Carloan_MEAN,BURO_CREDIT_TYPE_Cashloannonearmarked_MEAN,BURO_CREDIT_TYPE_Consumercredit_MEAN,BURO_CREDIT_TYPE_Creditcard_MEAN,BURO_CREDIT_TYPE_Interbankcredit_MEAN,BURO_CREDIT_TYPE_Loanforbusinessdevelopment_MEAN,BURO_CREDIT_TYPE_Loanforpurchaseofsharesmarginlending_MEAN,BURO_CREDIT_TYPE_Loanforthepurchaseofequipment_MEAN,BURO_CREDIT_TYPE_Loanforworkingcapitalreplenishment_MEAN,BURO_CREDIT_TYPE_Microloan_MEAN,BURO_CREDIT_TYPE_Mobileoperatorloan_MEAN,BURO_CREDIT_TYPE_Mortgage_MEAN,BURO_CREDIT_TYPE_Realestateloan_MEAN,BURO_CREDIT_TYPE_Unknowntypeofloan_MEAN,BURO_CREDIT_TYPE_nan_MEAN,BURO_STATUS_0_MEAN_MEAN,BURO_STATUS_1_MEAN_MEAN,BURO_STATUS_2_MEAN_MEAN,BURO_STATUS_3_MEAN_MEAN,BURO_STATUS_4_MEAN_MEAN,BURO_STATUS_5_MEAN_MEAN,BURO_STATUS_C_MEAN_MEAN,BURO_STATUS_X_MEAN_MEAN,BURO_STATUS_nan_MEAN_MEAN,ACTIVE_DAYS_CREDIT_MIN,ACTIVE_DAYS_CREDIT_MAX,ACTIVE_DAYS_CREDIT_MEAN,ACTIVE_DAYS_CREDIT_VAR,ACTIVE_DAYS_CREDIT_ENDDATE_MIN,ACTIVE_DAYS_CREDIT_ENDDATE_MAX,ACTIVE_DAYS_CREDIT_ENDDATE_MEAN,ACTIVE_DAYS_CREDIT_UPDATE_MEAN,ACTIVE_CREDIT_DAY_OVERDUE_MAX,ACTIVE_CREDIT_DAY_OVERDUE_MEAN,ACTIVE_AMT_CREDIT_MAX_OVERDUE_MEAN,ACTIVE_AMT_CREDIT_SUM_MAX,ACTIVE_AMT_CREDIT_SUM_MEAN,ACTIVE_AMT_CREDIT_SUM_SUM,ACTIVE_AMT_CREDIT_SUM_DEBT_MAX,ACTIVE_AMT_CREDIT_SUM_DEBT_MEAN,ACTIVE_AMT_CREDIT_SUM_DEBT_SUM,ACTIVE_AMT_CREDIT_SUM_OVERDUE_MEAN,ACTIVE_AMT_CREDIT_SUM_LIMIT_MEAN,ACTIVE_AMT_CREDIT_SUM_LIMIT_SUM,ACTIVE_AMT_ANNUITY_MAX,ACTIVE_AMT_ANNUITY_MEAN,ACTIVE_CNT_CREDIT_PROLONG_SUM,ACTIVE_MONTHS_BALANCE_MIN_MIN,ACTIVE_MONTHS_BALANCE_MAX_MAX,ACTIVE_MONTHS_BALANCE_SIZE_MEAN,ACTIVE_MONTHS_BALANCE_SIZE_SUM,CLOSED_DAYS_CREDIT_MIN,CLOSED_DAYS_CREDIT_MAX,CLOSED_DAYS_CREDIT_MEAN,CLOSED_DAYS_CREDIT_VAR,CLOSED_DAYS_CREDIT_ENDDATE_MIN,CLOSED_DAYS_CREDIT_ENDDATE_MAX,CLOSED_DAYS_CREDIT_ENDDATE_MEAN,CLOSED_DAYS_CREDIT_UPDATE_MEAN,CLOSED_CREDIT_DAY_OVERDUE_MAX,CLOSED_CREDIT_DAY_OVERDUE_MEAN,CLOSED_AMT_CREDIT_MAX_OVERDUE_MEAN,CLOSED_AMT_CREDIT_SUM_MAX,CLOSED_AMT_CREDIT_SUM_MEAN,CLOSED_AMT_CREDIT_SUM_SUM,CLOSED_AMT_CREDIT_SUM_DEBT_MAX,CLOSED_AMT_CREDIT_SUM_DEBT_MEAN,CLOSED_AMT_CREDIT_SUM_DEBT_SUM,CLOSED_AMT_CREDIT_SUM_OVERDUE_MEAN,CLOSED_AMT_CREDIT_SUM_LIMIT_MEAN,CLOSED_AMT_CREDIT_SUM_LIMIT_SUM,CLOSED_AMT_ANNUITY_MAX,CLOSED_AMT_ANNUITY_MEAN,CLOSED_CNT_CREDIT_PROLONG_SUM,CLOSED_MONTHS_BALANCE_MIN_MIN,CLOSED_MONTHS_BALANCE_MAX_MAX,CLOSED_MONTHS_BALANCE_SIZE_MEAN,CLOSED_MONTHS_BALANCE_SIZE_SUM
12883,1,0,1,0,135000.0,112500.0,9652.5,112500.0,0.020713,-8608,-1445.0,-7642.0,-1254,,1,1,0,1,0,0,1.0,3,3,12,0,0,0,1,1,0,,0.3285149651920687,,0.1227,0.0953,0.9762,0.6736,0.0131,0.0,0.2069,0.1667,0.2083,0.0845,0.1,0.1007,0.0,0.0,0.125,0.0989,0.9762,0.6864,0.0132,0.0,0.2069,0.1667,0.2083,0.0864,0.1093,0.105,0.0,0.0,0.1239,0.0953,0.9762,0.6779999999999999,0.0131,0.0,0.2069,0.1667,0.2083,0.086,0.1018,0.1026,0.0,0.0,0.0864,0.0,0.0,0.0,0.0,-1219.0,0,1,0,0,0,0,0,0,0,0,0,0,0,0,0,0,0,0,0,0,1.0,0.0,0.0,0.0,1.0,1.0,True,False,False,False,False,False,False,False,True,False,False,False,False,False,False,False,True,False,False,True,False,False,False,False,False,True,False,False,False,False,False,False,False,True,False,False,False,False,False,False,False,False,False,False,False,False,False,False,False,False,False,False,False,False,False,False,False,False,True,False,False,False,False,False,False,False,False,False,False,False,False,False,False,False,False,False,False,False,False,False,False,False,False,False,False,False,False,False,False,False,False,False,True,False,False,False,False,False,False,False,False,False,False,False,False,False,False,False,False,False,False,False,False,False,False,False,False,False,False,True,False,True,False,False,False,False,False,False,True,False,False,True,False,0.1678671003717472,1.2,135000.0,0.0715,0.0858,-858.0,-858.0,-858.0,,-503.0,-503.0,-503.0,-503.0,0.0,0.0,22448.205,285660.0,285660.0,285660.0,0.0,0.0,0.0,0.0,0.0,0.0,0.0,0.0,0.0,-28.0,0.0,29.0,29.0,0.0,0.0,1.0,0.0,0.0,1.0,0.0,0.0,0.0,0.0,0.0,0.0,0.0,1.0,0.0,0.0,0.0,0.0,0.0,0.0,0.0,0.0,0.0,0.0,0.0,0.0,0.2413793103448276,0.13793103448275862,0.0,0.0,0.0,0.0,0.6206896551724138,0.0,0.0,,,,,,,,,,,,,,,,,,,,,,,,,,,,-858.0,-858.0,-858.0,,-503.0,-503.0,-503.0,-503.0,0.0,0.0,22448.205,285660.0,285660.0,285660.0,0.0,0.0,0.0,0.0,0.0,0.0,0.0,0.0,0.0,-28.0,0.0,29.0,29.0
277024,1,1,0,0,202500.0,1467612.0,62311.5,1350000.0,0.006852,-19530,-4762.0,-7530.0,-3004,64.0,1,1,0,1,0,0,2.0,3,3,6,0,0,0,0,0,0,0.3267698946782795,0.0796408116964923,0.2188590822283744,,,,,,,,,,,,,,,,,,,,,,,,,,,,,,,,,,,,,,,,,,,,0.0,0.0,0.0,0.0,0.0,0,1,0,0,0,0,0,0,0,0,0,0,0,0,0,0,0,0,0,0,0.0,0.0,0.0,0.0,0.0,0.0,True,False,False,False,False,False,False,False,True,False,False,False,False,True,False,False,False,False,False,False,False,True,False,True,False,False,False,False,False,True,False,False,False,False,False,False,False,False,False,False,False,False,False,False,True,False,False,False,False,False,False,False,False,False,True,False,False,False,False,False,False,False,False,False,False,False,False,False,False,False,False,False,False,False,False,False,False,False,False,False,False,False,False,False,False,False,False,False,False,False,False,False,False,False,False,False,False,False,True,False,False,False,False,False,False,False,False,False,False,False,False,False,False,False,False,False,False,False,False,False,False,False,False,False,False,False,False,False,False,False,False,False,False,0.2438300051203277,0.13797924792111266,101250.0,0.3077111111111111,0.04245774768808105,-2707.0,-858.0,-1840.75,680990.9166666666,-2344.0,685.0,-639.5,-609.25,0.0,0.0,3086.82,675000.0,291375.0,1165500.0,344344.5,172172.25,344344.5,0.0,6750.0,13500.0,,,2.0,,,,0.0,0.75,0.0,0.25,0.0,0.0,1.0,0.0,0.0,0.0,0.0,0.0,0.0,0.0,0.5,0.5,0.0,0.0,0.0,0.0,0.0,0.0,0.0,0.0,0.0,0.0,0.0,,,,,,,,,,-2707.0,-858.0,-1688.0,881491.0,-2344.0,685.0,-456.6666666666667,-791.3333333333334,0.0,0.0,3086.82,342000.0,163500.0,490500.0,344344.5,172172.25,344344.5,0.0,6750.0,13500.0,,,2.0,,,,0.0,-2299.0,-2299.0,-2299.0,,-1188.0,-1188.0,-1188.0,-63.0,0.0,0.0,,675000.0,675000.0,675000.0,,,0.0,0.0,,0.0,,,0.0,,,,0.0
26417,0,0,1,0,90000.0,533304.0,29061.0,405000.0,0.04622,-15620,-790.0,-9635.0,-3942,,1,1,0,1,0,0,1.0,1,1,10,0,1,1,0,0,0,,0.7634906508890329,,,,0.9846,,,,,,,,,,,,,,0.9846,,,,,,,,,,,,,,0.9846,,,,,,,,,,,,0.0666,6.0,0.0,6.0,0.0,-2481.0,0,1,0,0,0,0,0,0,0,0,0,0,0,0,0,0,0,0,0,0,,,,,,,True,False,False,False,False,False,False,False,True,False,True,False,False,False,False,False,False,False,False,False,False,True,False,False,False,True,False,False,False,False,True,False,False,False,False,False,False,True,False,False,False,False,False,False,False,False,False,False,False,False,False,False,True,False,False,False,False,False,False,False,False,False,False,False,False,False,False,False,False,False,False,False,False,False,False,False,False,False,False,False,False,False,False,False,False,False,False,False,False,False,False,False,False,False,False,False,False,False,False,True,False,False,False,False,False,False,False,False,False,False,False,False,False,False,False,False,False,False,False,False,False,False,False,False,False,False,False,False,False,False,False,True,False,0.05057618437900128,0.16875928176049682,90000.0,0.3229,0.054492372080464424,,,,,,,,,,,,,,,,,,,,,,,,,,,,,,,,,,,,,,,,,,,,,,,,,,,,,,,,,,,,,,,,,,,,,,,,,,,,,,,,,,,,,,,,,,,,,,,,,,,,,,,,,,,,,,,,,,,,
134860,1,1,0,0,202500.0,675000.0,28728.0,675000.0,0.0116569999999999,-18105,-8163.0,-5636.0,-1643,4.0,1,1,1,1,1,0,1.0,1,1,21,0,1,1,0,1,1,,0.6712422975058058,0.6109913280868294,0.1237,0.1363,0.9781,,,0.0,0.2759,0.1667,,0.056,,0.1179,,0.0431,0.1261,0.1415,0.9782,,,0.0,0.2759,0.1667,,0.0573,,0.1229,,0.0457,0.1249,0.1363,0.9781,,,0.0,0.2759,0.1667,,0.057,,0.12,,0.044,0.0927,0.0,0.0,0.0,0.0,-2675.0,0,1,0,0,0,0,0,0,0,0,0,0,0,0,0,0,0,0,0,0,0.0,0.0,0.0,0.0,0.0,2.0,True,False,False,False,False,False,False,False,True,False,False,False,False,True,False,False,False,False,False,False,False,True,False,False,False,True,False,False,False,True,False,False,False,False,False,False,False,True,False,False,False,False,False,False,False,False,False,False,False,False,False,False,False,False,False,False,False,True,False,False,False,False,False,False,False,False,False,False,False,False,False,False,False,False,False,False,False,False,False,False,False,False,False,False,False,False,False,False,False,False,False,False,False,True,False,False,False,False,False,False,False,False,False,False,False,False,False,False,False,False,False,False,False,False,False,False,False,False,False,False,False,True,False,False,False,False,False,False,True,False,False,True,False,0.45086992543496274,0.3,202500.0,0.14186666666666667,0.04256,-2737.0,-74.0,-1441.05,779292.6815789473,-2484.0,377.0,-822.8,-819.4,0.0,0.0,0.0,2250000.0,556208.325,11124166.5,69511.5,7436.6947058823525,126423.81,0.0,0.0,0.0,41665.5,7946.4,0.0,-89.0,0.0,36.55,731.0,0.25,0.0,0.75,0.0,0.0,1.0,0.0,0.0,0.0,0.0,0.0,0.1,0.0,0.8,0.1,0.0,0.0,0.0,0.0,0.0,0.0,0.0,0.0,0.0,0.0,0.0,0.28212873612373485,0.0,0.0,0.0,0.0,0.0,0.6000929471166241,0.11777831675964104,0.0,-1091.0,-74.0,-590.2,258868.7,4.0,267.0,83.6,-32.6,0.0,0.0,0.0,2250000.0,670611.6,3353058.0,69511.5,25284.762,126423.81,0.0,0.0,0.0,13041.0,7608.0,0.0,-35.0,0.0,19.2,96.0,-2737.0,-226.0,-1724.6666666666667,638912.9523809524,-2484.0,377.0,-1124.9333333333334,-1081.6666666666667,0.0,0.0,0.0,2250000.0,518073.9,7771108.5,0.0,0.0,0.0,0.0,0.0,0.0,41665.5,8031.0,0.0,-89.0,0.0,42.333333333333336,635.0
253829,1,1,0,1,67500.0,180000.0,9000.0,180000.0,0.018634,-11189,-467.0,-7308.0,-2379,16.0,1,1,0,1,0,0,3.0,2,2,10,0,0,0,1,1,0,0.3415642154226135,0.5221119778359975,0.7106743858828587,,,,,,,,,,,,,,,,,,,,,,,,,,,,,,,,,,,,,,,,,,,,2.0,0.0,2.0,0.0,-638.0,0,0,0,0,0,0,0,0,0,0,0,0,0,0,0,0,0,0,0,0,0.0,0.0,0.0,0.0,0.0,2.0,False,True,False,True,False,False,False,False,False,False,False,False,False,False,False,False,True,False,False,False,False,True,False,True,False,False,False,False,False,True,False,False,False,False,False,False,False,False,False,False,False,False,False,False,False,False,False,False,True,False,False,False,True,False,False,False,False,False,False,False,False,False,False,False,False,False,False,False,False,False,False,False,False,False,False,False,False,False,False,False,False,False,False,False,False,False,False,False,False,False,False,False,False,False,False,False,False,False,False,False,False,True,False,False,False,False,False,False,False,False,False,False,False,False,False,False,False,False,False,False,False,False,False,False,False,False,False,False,False,False,False,False,False,0.04173742068102601,0.375,22500.0,0.13333333333333333,0.05,-2132.0,-337.0,-1117.2857142857142,367822.23809523805,-1950.0,-64.0,-899.5714285714286,-900.7142857142857,0.0,0.0,0.0,178200.0,70749.0,495243.0,0.0,0.0,0.0,0.0,0.0,0.0,,,0.0,,,,0.0,0.0,0.0,1.0,0.0,0.0,1.0,0.0,0.0,0.0,0.0,0.0,0.0,0.0,1.0,0.0,0.0,0.0,0.0,0.0,0.0,0.0,0.0,0.0,0.0,0.0,0.0,,,,,,,,,,,,,,,,,,,,,,,,,,,,,,,,,,,,,-2132.0,-337.0,-1117.2857142857142,367822.23809523805,-1950.0,-64.0,-899.5714285714286,-900.7142857142857,0.0,0.0,0.0,178200.0,70749.0,495243.0,0.0,0.0,0.0,0.0,0.0,0.0,,,0.0,,,,0.0
111275,1,0,1,0,189000.0,835380.0,36927.0,675000.0,0.003813,-19443,-7237.0,-4191.0,-2971,,1,1,0,1,0,0,1.0,2,2,12,0,0,0,0,0,0,0.6308638088816803,0.3649503048698527,0.3170317785834444,0.0619,0.0496,0.9786,0.7076,0.0083,0.0,0.1379,0.1667,0.2083,0.0437,0.0504,0.0534,0.0,0.0,0.063,0.0515,0.9786,0.7190000000000001,0.0084,0.0,0.1379,0.1667,0.2083,0.0447,0.0551,0.0556,0.0,0.0,0.0625,0.0496,0.9786,0.7115,0.0083,0.0,0.1379,0.1667,0.2083,0.0445,0.0513,0.0544,0.0,0.0,0.0465,1.0,0.0,1.0,0.0,-1646.0,0,1,0,0,0,0,0,0,0,0,0,0,0,0,0,0,0,0,0,0,0.0,0.0,0.0,0.0,0.0,2.0,True,False,False,False,False,False,False,False,True,False,False,False,False,False,False,False,True,False,False,False,False,True,False,False,False,True,False,False,False,True,False,False,False,False,False,False,False,False,False,False,True,False,False,False,False,False,False,False,False,False,False,False,True,False,False,False,False,False,False,False,False,False,False,False,False,False,False,False,False,False,True,False,False,False,False,False,False,False,False,False,False,False,False,False,False,False,False,False,False,False,False,False,False,False,False,False,False,False,False,False,False,False,False,False,False,False,False,False,False,False,False,False,False,False,False,False,False,False,False,True,False,True,False,False,False,False,False,False,True,False,False,True,False,0.37221622177647484,0.22624434389140272,189000.0,0.19538095238095238,0.04420383538030597,-2466.0,-188.0,-1073.3333333333333,917517.4666666668,-2375.0,1073.0,-122.33333333333333,-607.6666666666666,0.0,0.0,0.0,478800.0,254409.0,1526454.0,328491.0,57996.75,347980.5,0.0,0.0,0.0,,,0.0,-81.0,0.0,36.0,216.0,0.3333333333333333,0.0,0.6666666666666666,0.0,0.0,1.0,0.0,0.0,0.0,0.0,0.0,0.0,0.0,0.8333333333333334,0.16666666666666666,0.0,0.0,0.0,0.0,0.0,0.0,0.0,0.0,0.0,0.0,0.0,0.13139618903418646,0.005128205128205128,0.0,0.0,0.0,0.0,0.8634756058376084,0.0,0.0,-343.0,-188.0,-265.5,12012.5,908.0,1073.0,990.5,-20.5,0.0,0.0,,380610.0,325305.0,650610.0,328491.0,173990.25,347980.5,0.0,0.0,0.0,,,0.0,-11.0,0.0,9.5,19.0,-2466.0,-346.0,-1477.25,872596.9166666666,-2375.0,-34.0,-678.75,-901.25,0.0,0.0,0.0,478800.0,218961.0,875844.0,0.0,0.0,0.0,0.0,0.0,0.0,,,0.0,-81.0,0.0,49.25,197.0
67974,1,0,0,1,180000.0,640080.0,29970.0,450000.0,0.014464,-11282,-2572.0,-4857.0,-2549,,1,1,0,1,0,0,3.0,2,2,6,0,0,0,0,0,0,,0.6528492334366639,,0.1237,0.0889,0.9891,0.8504,,0.12,0.1034,0.375,0.4167,0.0352,0.1009,0.1393,0.0,0.1062,0.1261,0.0923,0.9891,0.8563,,0.1208,0.1034,0.375,0.4167,0.036,0.1102,0.1452,0.0,0.1124,0.1249,0.0889,0.9891,0.8524,,0.12,0.1034,0.375,0.4167,0.0358,0.1026,0.1418,0.0,0.1084,0.1327,0.0,0.0,0.0,0.0,-343.0,0,1,0,0,0,0,0,0,0,0,0,0,0,0,0,0,0,0,0,0,0.0,0.0,0.0,0.0,0.0,2.0,True,False,False,False,False,False,False,False,True,False,False,False,False,False,False,False,True,False,True,False,False,False,False,True,False,False,False,False,False,True,False,False,False,False,False,False,False,False,False,False,False,False,False,False,False,False,False,False,False,False,False,False,False,False,True,False,False,False,False,False,False,False,False,False,False,False,False,False,False,False,False,False,False,False,False,False,False,False,False,False,False,False,False,False,False,False,False,False,False,False,False,False,True,False,False,False,False,False,False,False,False,False,False,False,False,False,False,False,False,False,False,False,False,False,False,False,False,False,False,True,False,True,False,False,False,False,False,False,True,False,False,True,False,0.2279737635171069,0.281214848143982,60000.0,0.1665,0.046822272215973,-196.0,-196.0,-196.0,,46.0,46.0,46.0,-15.0,0.0,0.0,0.0,243574.515,243574.515,243574.515,61432.245,61432.245,61432.245,0.0,0.0,0.0,,,0.0,,,,0.0,1.0,0.0,0.0,0.0,0.0,1.0,0.0,0.0,0.0,0.0,0.0,0.0,0.0,1.0,0.0,0.0,0.0,0.0,0.0,0.0,0.0,0.0,0.0,0.0,0.0,0.0,,,,,,,,,,-196.0,-196.0,-196.0,,46.0,46.0,46.0,-15.0,0.0,0.0,0.0,243574.515,243574.515,243574.515,61432.245,61432.245,61432.245,0.0,0.0,0.0,,,0.0,,,,0.0,,,,,,,,,,,,,,,,,,,,,,,,,,,
190015,1,1,0,0,67500.0,1185282.0,34785.0,1035000.0,0.015221,-18756,-1310.0,-2636.0,-2308,9.0,1,1,1,1,1,0,2.0,2,2,8,0,0,0,0,0,0,,0.641701484466864,0.6161216908872079,,,,,,,,,,,,,,,,,,,,,,,,,,,,,,,,,,,,,,,,,,,,0.0,0.0,0.0,0.0,-1771.0,0,1,0,0,0,0,0,0,0,0,0,0,0,0,0,0,0,0,0,0,0.0,0.0,0.0,0.0,0.0,3.0,True,False,False,False,False,False,False,False,True,False,False,False,False,False,False,False,True,False,False,False,False,True,False,True,False,False,False,False,False,True,False,False,False,False,False,True,False,False,False,False,False,False,False,False,False,False,False,False,False,False,False,False,False,False,False,True,False,False,False,False,False,False,False,False,False,False,False,False,False,False,False,False,False,False,False,False,False,False,False,False,False,False,False,False,False,False,False,False,False,False,False,False,True,False,False,False,False,False,False,False,False,False,False,False,False,False,False,False,False,False,False,False,False,False,False,False,False,False,False,False,False,False,False,False,False,False,False,False,False,False,False,True,False,0.06984431648539134,0.05694847302161005,33750.0,0.5153333333333333,0.02934744643046971,-1609.0,-225.0,-1309.6666666666667,289892.6666666667,-1486.0,1093.0,-970.6666666666666,-814.5,0.0,0.0,0.0,90000.0,29814.149999999998,178884.9,52609.5,8768.25,52609.5,0.0,0.0,0.0,,,0.0,,,,0.0,0.16666666666666666,0.0,0.8333333333333334,0.0,0.0,1.0,0.0,0.0,0.0,0.0,0.0,0.0,0.0,0.6666666666666666,0.3333333333333333,0.0,0.0,0.0,0.0,0.0,0.0,0.0,0.0,0.0,0.0,0.0,,,,,,,,,,-225.0,-225.0,-225.0,,1093.0,1093.0,1093.0,-5.0,0.0,0.0,,90000.0,90000.0,90000.0,52609.5,52609.5,52609.5,0.0,0.0,0.0,,,0.0,,,,0.0,-1609.0,-1421.0,-1526.6,9415.299999999996,-1486.0,-1266.0,-1383.4,-976.4,0.0,0.0,0.0,18940.5,17776.98,88884.9,0.0,0.0,0.0,0.0,0.0,0.0,,,0.0,,,,0.0
164952,0,1,1,0,135000.0,1067418.0,31338.0,891000.0,0.020246,-10511,-305.0,-5398.0,-3180,23.0,1,1,0,1,0,0,2.0,3,3,13,0,0,0,0,0,0,0.4165911471289701,0.5038341021928725,0.6971469077844458,0.0907,0.0819,0.9856,,,0.0,0.2069,0.1667,,0.024,,0.0855,,0.0,0.0924,0.085,0.9856,,,0.0,0.2069,0.1667,,0.0245,,0.0891,,0.0,0.0916,0.0819,0.9856,,,0.0,0.2069,0.1667,,0.0244,,0.087,,0.0,0.0769,1.0,0.0,1.0,0.0,-440.0,0,0,0,0,0,0,1,0,0,0,0,0,0,0,0,0,0,0,0,0,0.0,0.0,0.0,0.0,0.0,3.0,True,False,False,False,False,False,False,False,True,False,True,False,False,False,False,False,False,False,False,True,False,False,True,False,False,False,False,False,False,True,False,False,False,False,False,False,False,False,False,False,False,True,False,False,False,False,False,False,False,False,False,False,False,False,False,False,False,False,True,False,False,False,False,False,False,False,False,False,False,False,True,False,False,False,False,False,False,False,False,False,False,False,False,False,False,False,False,False,False,False,False,False,False,False,False,False,False,False,False,False,False,False,False,False,False,False,False,False,False,False,False,False,False,False,False,False,False,False,False,False,False,True,False,False,False,False,False,False,True,False,False,True,False,0.029017220055180287,0.12647341528810643,67500.0,0.23213333333333333,0.02935869546887911,-1071.0,-64.0,-425.0,314431.0,-309.0,10894.0,3968.6666666666665,-128.66666666666666,0.0,0.0,0.0,675000.0,322344.0,967032.0,0.0,0.0,0.0,0.0,0.0,0.0,25623.0,25623.0,0.0,-35.0,0.0,4.666666666666667,14.0,0.6666666666666666,0.0,0.3333333333333333,0.0,0.0,1.0,0.0,0.0,0.0,0.0,0.0,0.0,0.0,0.6666666666666666,0.3333333333333333,0.0,0.0,0.0,0.0,0.0,0.0,0.0,0.0,0.0,0.0,0.0,0.7777777777777777,0.0,0.0,0.0,0.0,0.0,0.0,0.2222222222222222,0.0,-140.0,-64.0,-102.0,2888.0,1321.0,10894.0,6107.5,-40.0,0.0,0.0,0.0,675000.0,360000.0,720000.0,,,0.0,0.0,,0.0,25623.0,25623.0,0.0,-4.0,0.0,4.0,8.0,-1071.0,-1071.0,-1071.0,,-309.0,-309.0,-309.0,-306.0,0.0,0.0,,247032.0,247032.0,247032.0,0.0,0.0,0.0,0.0,0.0,0.0,25623.0,25623.0,0.0,-35.0,-30.0,6.0,6.0
74590,1,0,1,1,180000.0,45000.0,4608.0,45000.0,0.026392,-14106,-4405.0,-2935.0,-4893,,1,1,1,1,1,0,3.0,2,2,10,0,0,0,0,0,0,0.6143683688684901,0.5854075741380017,0.6658549219640212,0.5485,,0.9871,,,0.48,0.4138,0.3333,,0.239,,0.4933,,,0.5588,,0.9871,,,0.4834,0.4138,0.3333,,0.2445,,0.5139,,,0.5538,,0.9871,,,0.48,0.4138,0.3333,,0.2432,,0.5021,,,0.388,0.0,0.0,0.0,0.0,-1259.0,0,1,0,0,0,0,0,0,0,0,0,0,0,0,0,0,0,0,0,0,0.0,0.0,0.0,0.0,0.0,6.0,True,False,False,False,False,False,False,False,True,False,False,False,False,False,False,False,True,False,False,False,False,True,False,True,False,False,False,False,False,True,False,False,False,False,False,False,False,False,True,False,False,False,False,False,False,False,False,False,False,False,False,False,False,True,False,False,False,False,False,False,False,False,False,False,False,False,False,False,False,False,False,False,False,False,False,False,False,False,False,False,False,False,False,False,False,False,False,False,False,False,False,False,False,False,False,False,False,False,False,False,False,False,False,False,False,False,False,False,False,False,False,False,False,False,True,False,False,False,False,False,False,True,False,False,False,False,False,False,True,False,False,True,False,0.3122784630653623,4.0,60000.0,0.0256,0.1024,-2796.0,-42.0,-889.6,1196606.8,-1700.0,1476.0,546.6,-213.0,0.0,0.0,0.0,735750.0,454950.0,2274750.0,623151.0,344748.375,1378993.5,0.0,0.0,0.0,19885.5,13106.744999999999,0.0,-91.0,0.0,29.6,148.0,0.8,0.0,0.2,0.0,0.0,1.0,0.0,0.0,0.0,0.0,0.0,0.0,0.0,0.8,0.2,0.0,0.0,0.0,0.0,0.0,0.0,0.0,0.0,0.0,0.0,0.0,0.4838672768878718,0.0,0.0,0.0,0.0,0.0,0.15217391304347827,0.3639588100686499,0.0,-692.0,-42.0,-413.0,81158.66666666666,769.0,1476.0,1108.25,-44.25,0.0,0.0,0.0,735750.0,534937.5,2139750.0,623151.0,459664.5,1378993.5,0.0,0.0,0.0,19885.5,17475.66,0.0,-22.0,0.0,14.0,56.0,-2796.0,-2796.0,-2796.0,,-1700.0,-1700.0,-1700.0,-888.0,0.0,0.0,,135000.0,135000.0,135000.0,0.0,0.0,0.0,0.0,0.0,0.0,0.0,0.0,0.0,-91.0,0.0,92.0,92.0
117176,1,0,1,2,81000.0,252000.0,19908.0,252000.0,0.004849,-11223,-659.0,-1042.0,-3079,,1,1,0,1,1,0,4.0,2,2,10,0,0,0,0,0,0,,0.0681136511761704,,0.1237,0.1208,0.9811,0.7416,0.0039,0.04,0.069,0.1667,0.0417,0.0394,0.1009,0.0628,0.0,0.0,0.1261,0.1253,0.9811,0.7517,0.0039,0.0403,0.069,0.1667,0.0417,0.0403,0.1102,0.0655,0.0,0.0,0.1249,0.1208,0.9811,0.7451,0.0039,0.04,0.069,0.1667,0.0417,0.0401,0.1026,0.064,0.0,0.0,0.054,0.0,0.0,0.0,0.0,-541.0,0,1,0,0,0,0,0,0,0,0,0,0,0,0,0,0,0,0,0,0,0.0,0.0,0.0,0.0,0.0,1.0,True,False,False,False,False,False,True,False,False,False,False,False,False,False,False,False,True,False,False,False,False,True,False,True,False,False,False,False,False,True,False,False,False,False,False,False,False,False,False,False,False,False,False,False,False,False,False,False,False,False,False,True,False,False,False,False,False,True,False,False,False,False,False,False,False,False,False,False,False,False,False,False,False,False,False,False,False,False,False,False,False,False,False,False,False,False,False,False,False,False,False,False,False,False,False,False,False,True,False,False,False,False,False,False,False,False,False,False,False,False,False,False,False,False,False,False,False,False,False,True,False,True,False,False,False,False,False,False,False,True,False,True,False,0.05871870266417179,0.32142857142857145,20250.0,0.2457777777777778,0.079,-1057.0,-1057.0,-1057.0,,2605.0,2605.0,2605.0,-11.0,0.0,0.0,,3375000.0,3375000.0,3375000.0,1372630.5,1372630.5,1372630.5,0.0,0.0,0.0,23184.0,23184.0,0.0,-34.0,0.0,35.0,35.0,1.0,0.0,0.0,0.0,0.0,1.0,0.0,0.0,0.0,0.0,0.0,0.0,0.0,0.0,0.0,0.0,0.0,0.0,0.0,0.0,0.0,0.0,1.0,0.0,0.0,0.0,0.5714285714285714,0.0,0.0,0.0,0.0,0.0,0.0,0.42857142857142855,0.0,-1057.0,-1057.0,-1057.0,,2605.0,2605.0,2605.0,-11.0,0.0,0.0,,3375000.0,3375000.0,3375000.0,1372630.5,1372630.5,1372630.5,0.0,0.0,0.0,23184.0,23184.0,0.0,-34.0,0.0,35.0,35.0,,,,,,,,,,,,,,,,,,,,,,,,,,,
27841,1,0,0,0,180000.0,540000.0,15786.0,540000.0,0.011703,-20472,,-12744.0,-4015,,1,0,0,1,0,0,2.0,2,2,13,0,0,0,0,0,0,,0.7278805177571444,,,,,,,,,,,,,,,,,,,,,,,,,,,,,,,,,,,,,,,,,,,,,4.0,0.0,4.0,0.0,-1100.0,0,1,0,0,0,0,0,0,0,0,0,0,0,0,0,0,0,0,0,0,,,,,,,True,False,False,False,False,False,False,False,True,False,False,False,True,False,False,False,False,False,False,False,False,True,False,True,False,False,False,False,False,True,False,False,False,False,False,False,False,False,False,False,False,False,False,False,False,False,False,False,False,False,False,False,False,False,False,False,False,True,False,False,False,False,False,False,False,False,False,False,False,False,False,False,False,False,False,False,False,False,False,False,False,False,False,False,False,False,False,False,False,False,False,False,False,False,False,False,False,False,False,False,False,False,False,False,False,False,False,False,False,False,False,False,False,False,False,False,True,False,False,False,False,False,False,False,False,False,False,False,False,False,False,False,False,,0.3333333333333333,90000.0,0.0877,0.029233333333333333,,,,,,,,,,,,,,,,,,,,,,,,,,,,,,,,,,,,,,,,,,,,,,,,,,,,,,,,,,,,,,,,,,,,,,,,,,,,,,,,,,,,,,,,,,,,,,,,,,,,,,,,,,,,,,,,,,,,
61470,1,0,1,0,90000.0,852088.5,33921.0,688500.0,0.035792,-21715,,-744.0,-3988,,1,0,0,1,0,0,1.0,2,2,11,0,0,0,0,0,0,,0.2098002073219717,0.6738300778602003,0.0866,,0.9985,,,0.12,0.1034,0.2917,,,,0.0836,,0.0459,0.0882,,0.9985,,,0.1208,0.1034,0.2917,,,,0.0871,,0.0486,0.0874,,0.9985,,,0.12,0.1034,0.2917,,,,0.0851,,0.0468,0.0877,0.0,0.0,0.0,0.0,-637.0,0,0,0,0,1,0,0,0,0,0,0,0,0,0,0,0,0,0,0,0,0.0,0.0,0.0,0.0,0.0,3.0,True,False,False,False,False,False,False,False,True,False,False,False,True,False,False,False,False,False,True,False,False,False,False,False,False,True,False,False,False,True,False,False,False,False,False,False,False,False,False,False,False,False,False,False,False,False,False,False,False,False,False,False,False,False,False,False,False,False,True,False,False,False,False,False,False,False,False,False,False,False,False,False,False,False,False,False,False,False,False,False,False,False,False,False,False,False,False,False,False,False,False,False,False,False,False,False,False,False,False,False,False,False,False,False,False,False,False,False,False,False,False,False,False,False,False,False,True,False,False,False,False,True,False,False,False,False,False,False,False,False,False,True,False,,0.10562283143124218,90000.0,0.3769,0.03980924516643518,-2613.0,-215.0,-1685.0,1657924.0,-2290.0,1013.0,-986.3333333333334,-1112.0,0.0,0.0,,495000.0,320580.0,961740.0,127179.0,63589.5,127179.0,0.0,0.0,0.0,,,0.0,,,,0.0,0.3333333333333333,0.0,0.6666666666666666,0.0,0.0,1.0,0.0,0.0,0.0,0.0,0.0,0.0,0.0,0.6666666666666666,0.3333333333333333,0.0,0.0,0.0,0.0,0.0,0.0,0.0,0.0,0.0,0.0,0.0,,,,,,,,,,-215.0,-215.0,-215.0,,1013.0,1013.0,1013.0,-82.0,0.0,0.0,,180000.0,180000.0,180000.0,127179.0,127179.0,127179.0,0.0,0.0,0.0,,,0.0,,,,0.0,-2613.0,-2227.0,-2420.0,74498.0,-2290.0,-1682.0,-1986.0,-1627.0,0.0,0.0,,495000.0,390870.0,781740.0,0.0,0.0,0.0,0.0,0.0,0.0,,,0.0,,,,0.0
119448,1,1,1,2,90000.0,270000.0,13500.0,270000.0,0.035792,-14804,-481.0,-5338.0,-4080,20.0,1,1,0,1,0,0,4.0,2,2,10,0,0,0,0,1,1,0.4437071855668393,0.6326780804019142,0.3062022983135042,,,,,,,,,,,,,,,,,,,,,,,,,,,,,,,,,,,,,,,,,,,,0.0,0.0,0.0,0.0,-1941.0,0,0,0,0,0,0,0,0,0,0,0,0,0,0,0,0,0,0,0,0,0.0,0.0,0.0,0.0,0.0,2.0,False,True,False,False,False,False,False,False,True,False,False,False,False,False,False,False,True,False,True,False,False,False,False,True,False,False,False,False,False,True,False,False,False,False,False,False,False,True,False,False,False,False,False,False,False,False,False,False,False,False,False,False,False,True,False,False,False,False,False,False,False,False,False,False,False,False,False,False,False,False,False,False,False,False,False,False,False,False,False,False,False,False,False,False,False,False,True,False,False,False,False,False,False,False,False,False,False,False,False,False,False,False,False,False,False,False,False,False,False,False,False,False,False,False,False,False,False,False,False,False,False,False,False,False,False,False,False,False,False,False,False,False,False,0.03249121858957039,0.3333333333333333,22500.0,0.15,0.05,-2572.0,-104.0,-1292.2727272727273,763702.2181818181,-2359.0,994.0,-853.7272727272727,-640.9090909090909,0.0,0.0,4479.505714285714,229591.845,82596.465,908561.115,217048.905,41528.54,373756.86,0.0,23.068125,184.545,,,1.0,,,,0.0,0.45454545454545453,0.0,0.5454545454545454,0.0,0.0,1.0,0.0,0.0,0.0,0.0,0.0,0.0,0.0,0.8181818181818182,0.18181818181818182,0.0,0.0,0.0,0.0,0.0,0.0,0.0,0.0,0.0,0.0,0.0,,,,,,,,,,-2471.0,-104.0,-892.4,951478.8,-1364.0,994.0,-146.0,-199.2,0.0,0.0,2624.79375,229591.845,115191.36899999999,575956.845,217048.905,74751.372,373756.86,0.0,36.909,184.545,,,0.0,,,,0.0,-2572.0,-637.0,-1625.5,473074.7,-2359.0,-444.0,-1443.5,-1009.0,0.0,0.0,6952.454999999999,126117.0,55434.045000000006,332604.27,0.0,0.0,0.0,0.0,0.0,0.0,,,1.0,,,,0.0
33733,0,0,0,1,135000.0,277969.5,18706.5,229500.0,0.018801,-12688,-2112.0,-316.0,-4398,,1,1,0,1,0,0,3.0,2,2,6,0,0,0,0,1,1,,0.5881117359803232,0.4614823912998385,0.0928,0.0918,0.9836,,,0.0,0.2069,0.1667,,0.0281,,0.0456,,0.0016,0.0945,0.094,0.9831,,,0.0,0.2069,0.1667,,0.0252,,0.0457,,0.0,0.0937,0.0918,0.9836,,,0.0,0.2069,0.1667,,0.0286,,0.0464,,0.0017,0.0615,4.0,0.0,4.0,0.0,-638.0,0,1,0,0,0,0,0,0,0,0,0,0,0,0,0,0,0,0,0,0,0.0,0.0,0.0,0.0,0.0,5.0,True,False,False,False,False,False,False,False,True,False,False,False,False,False,False,False,True,False,False,False,False,True,False,True,False,False,False,False,False,True,False,False,False,False,False,False,False,False,False,False,False,False,True,False,False,False,False,False,False,False,False,False,True,False,False,False,False,False,False,False,False,False,False,False,False,False,False,False,False,False,False,False,False,False,False,False,False,False,False,False,False,False,False,False,False,False,False,False,False,False,False,False,False,False,False,False,False,False,False,False,False,True,False,False,False,False,False,False,False,False,False,False,False,False,False,False,False,False,False,False,False,True,False,False,False,False,False,False,True,False,False,True,False,0.1664564943253468,0.48566479415907143,45000.0,0.13856666666666667,0.06729695164397533,-377.0,-377.0,-377.0,,-11.0,-11.0,-11.0,-12.0,0.0,0.0,,123480.0,123480.0,123480.0,12190.5,12190.5,12190.5,0.0,,0.0,,,0.0,-12.0,0.0,13.0,13.0,1.0,0.0,0.0,0.0,0.0,1.0,0.0,0.0,0.0,0.0,0.0,0.0,0.0,1.0,0.0,0.0,0.0,0.0,0.0,0.0,0.0,0.0,0.0,0.0,0.0,0.0,0.3076923076923077,0.0,0.0,0.0,0.0,0.0,0.6923076923076923,0.0,0.0,-377.0,-377.0,-377.0,,-11.0,-11.0,-11.0,-12.0,0.0,0.0,,123480.0,123480.0,123480.0,12190.5,12190.5,12190.5,0.0,,0.0,,,0.0,-12.0,0.0,13.0,13.0,,,,,,,,,,,,,,,,,,,,,,,,,,,
86229,0,1,0,0,171000.0,450000.0,22500.0,450000.0,0.009549,-21898,-916.0,-5886.0,-4455,3.0,1,1,0,1,0,0,2.0,2,2,10,0,0,0,0,0,0,0.7324845223187184,0.4196202615447459,0.5919766183185521,,,,,,,,,,,,,,,,,,,,,,,,,,,,,,,,,,,,,,,,,,,,0.0,0.0,0.0,0.0,-890.0,0,0,0,0,0,0,0,0,0,0,0,0,0,0,0,0,0,0,0,0,0.0,0.0,0.0,0.0,2.0,4.0,False,True,False,False,False,False,False,False,True,False,False,False,False,False,False,False,True,False,False,False,False,True,False,True,False,False,False,False,False,True,False,False,False,False,False,False,False,False,True,False,False,False,False,False,False,False,False,False,False,False,False,False,False,False,False,False,False,True,False,False,False,False,False,False,True,False,False,False,False,False,False,False,False,False,False,False,False,False,False,False,False,False,False,False,False,False,False,False,False,False,False,False,False,False,False,False,False,False,False,False,False,False,False,False,False,False,False,False,False,False,False,False,False,False,False,False,False,False,False,False,False,False,False,False,False,False,False,False,False,False,False,False,False,0.04183030413736414,0.38,85500.0,0.13157894736842105,0.05,-1792.0,-341.0,-1042.0,528151.0,-1396.0,755.0,-442.6666666666667,-489.3333333333333,0.0,0.0,0.0,668916.0,274750.5,824251.5,581013.0,193671.0,581013.0,0.0,0.0,0.0,,,0.0,,,,0.0,0.3333333333333333,0.0,0.6666666666666666,0.0,0.0,1.0,0.0,0.0,0.0,0.0,0.0,0.3333333333333333,0.0,0.6666666666666666,0.0,0.0,0.0,0.0,0.0,0.0,0.0,0.0,0.0,0.0,0.0,0.0,,,,,,,,,,-341.0,-341.0,-341.0,,755.0,755.0,755.0,-7.0,0.0,0.0,,668916.0,668916.0,668916.0,581013.0,581013.0,581013.0,0.0,,0.0,,,0.0,,,,0.0,-1792.0,-993.0,-1392.5,319200.5,-1396.0,-687.0,-1041.5,-730.5,0.0,0.0,0.0,98640.0,77667.75,155335.5,0.0,0.0,0.0,0.0,0.0,0.0,,,0.0,,,,0.0
197685,0,1,0,1,315000.0,728460.0,57685.5,675000.0,0.018801,-10348,-2245.0,-1433.0,-2585,2.0,1,1,0,1,0,0,3.0,2,2,11,0,0,0,0,1,1,,0.5304857001671713,0.7121551551910698,,,,,,,,,,,,,,,,,,,,,,,,,,,,,,,,,,,,,,,,,,,,0.0,0.0,0.0,0.0,-2538.0,0,0,0,0,0,0,1,0,0,0,0,0,0,0,0,0,0,0,0,0,0.0,0.0,0.0,0.0,0.0,4.0,True,False,False,False,False,False,False,False,True,False,False,False,False,False,False,False,True,False,False,False,False,True,False,True,False,False,False,False,False,True,False,False,False,False,False,False,False,False,False,False,False,False,True,False,False,False,False,False,False,False,False,False,False,False,False,False,False,True,False,False,False,False,False,True,False,False,False,False,False,False,False,False,False,False,False,False,False,False,False,False,False,False,False,False,False,False,False,False,False,False,False,False,False,False,False,False,False,False,False,False,False,False,False,False,False,False,False,False,False,False,False,False,False,False,False,False,False,False,False,False,False,False,False,False,False,False,False,False,False,False,False,False,False,0.21695013529184384,0.43241907585866074,105000.0,0.18312857142857142,0.0791882876204596,-1989.0,-312.0,-889.5,552110.7,-893.0,1504.0,173.5,-373.1666666666667,0.0,0.0,0.0,1459458.0,691118.25,4146709.5,1277580.915,253517.1525,1521102.915,0.0,0.0,0.0,35860.5,26694.0,0.0,-65.0,0.0,12.833333333333334,77.0,0.5,0.0,0.5,0.0,0.0,1.0,0.0,0.0,0.0,0.0,0.0,0.16666666666666666,0.0,0.8333333333333334,0.0,0.0,0.0,0.0,0.0,0.0,0.0,0.0,0.0,0.0,0.0,0.0,0.6571969696969697,0.020833333333333332,0.0,0.0,0.0,0.0,0.0,0.32196969696969696,0.0,-553.0,-312.0,-400.3333333333333,17624.333333333332,53.0,1504.0,700.0,-9.333333333333334,0.0,0.0,0.0,1431360.0,738250.5,2214751.5,1277580.915,507034.305,1521102.915,0.0,0.0,0.0,35860.5,29749.5,0.0,-18.0,0.0,11.333333333333334,34.0,-1989.0,-469.0,-1378.6666666666667,644800.3333333333,-893.0,148.0,-353.0,-737.0,0.0,0.0,,1459458.0,643986.0,1931958.0,0.0,0.0,0.0,0.0,0.0,0.0,17527.5,17527.5,0.0,-65.0,-5.0,14.333333333333334,43.0
68765,0,1,0,0,216000.0,512064.0,23868.0,360000.0,0.008625,-10550,-546.0,-4738.0,-3174,64.0,1,1,0,1,0,0,1.0,2,2,11,0,0,0,0,0,0,,0.1610661052942263,0.6594055320683344,0.0601,0.0767,0.9826,0.762,,0.0,0.1379,0.1667,0.2083,0.0538,0.0488,,0.0039,,0.0609,0.0796,0.9826,0.7713,,0.0,0.1379,0.1667,0.2083,0.055,0.0533,,0.0039,,0.0604,0.0767,0.9826,0.7652,,0.0,0.1379,0.1667,0.2083,0.0547,0.0496,,0.0039,,0.0576,0.0,0.0,0.0,0.0,0.0,0,1,0,0,0,0,0,0,0,0,0,0,0,0,0,0,0,0,0,0,0.0,0.0,0.0,0.0,0.0,1.0,True,False,False,False,False,False,False,False,True,False,False,False,False,False,False,False,True,False,False,False,False,True,False,False,False,True,False,False,False,True,False,False,False,False,False,False,False,False,False,False,False,False,True,False,False,False,False,False,False,False,False,False,True,False,False,False,False,False,False,False,False,False,False,False,True,False,False,False,False,False,False,False,False,False,False,False,False,False,False,False,False,False,False,False,False,False,False,False,False,False,False,False,False,False,False,False,False,False,False,False,False,False,False,False,False,False,False,False,False,False,False,False,False,False,False,False,False,False,False,True,False,True,False,False,False,False,False,False,False,True,False,True,False,0.05175355450236967,0.421822272215973,216000.0,0.1105,0.046611361079865014,-1096.0,-88.0,-592.0,508032.0,-730.0,275.0,-227.5,-373.0,0.0,0.0,,122022.0,116453.25,232906.5,93874.5,46937.25,93874.5,0.0,0.0,0.0,,,0.0,,,,0.0,0.5,0.0,0.5,0.0,0.0,1.0,0.0,0.0,0.0,0.0,0.0,0.0,0.0,1.0,0.0,0.0,0.0,0.0,0.0,0.0,0.0,0.0,0.0,0.0,0.0,0.0,,,,,,,,,,-88.0,-88.0,-88.0,,275.0,275.0,275.0,-26.0,0.0,0.0,,110884.5,110884.5,110884.5,93874.5,93874.5,93874.5,0.0,0.0,0.0,,,0.0,,,,0.0,-1096.0,-1096.0,-1096.0,,-730.0,-730.0,-730.0,-720.0,0.0,0.0,,122022.0,122022.0,122022.0,0.0,0.0,0.0,0.0,0.0,0.0,,,0.0,,,,0.0
247467,0,1,0,0,157500.0,135000.0,6750.0,135000.0,0.018634,-18601,-3480.0,-7173.0,-2144,22.0,1,1,0,1,0,0,2.0,2,2,11,0,0,0,0,1,1,0.5377726641787604,0.7586754725506938,0.6785676886853644,,,,,,,,,,,,,,,,,,,,,,,,,,,,,,,,,,,,,,,,,,,,0.0,0.0,0.0,0.0,-164.0,0,0,0,0,0,0,0,0,0,0,0,0,0,0,0,0,0,0,0,0,0.0,0.0,0.0,0.0,0.0,1.0,False,True,False,False,False,False,False,False,True,False,False,False,False,False,False,False,True,False,False,False,False,True,True,False,False,False,False,False,False,True,False,False,False,False,False,False,False,False,False,False,False,False,True,False,False,False,False,False,False,False,False,False,False,False,False,False,False,False,True,False,False,False,False,False,False,False,False,False,False,False,False,False,False,False,False,False,False,False,False,False,False,False,False,False,False,False,False,False,False,False,False,False,True,False,False,False,False,False,False,False,False,False,False,False,False,False,False,False,False,False,False,False,False,False,False,False,False,False,False,False,False,False,False,False,False,False,False,False,False,False,False,False,False,0.18708671576796945,1.1666666666666667,78750.0,0.04285714285714286,0.05,-2273.0,-209.0,-1042.0,505364.22222222225,-1906.0,10750.0,2961.5,-404.0,0.0,0.0,1305.675,1161000.0,342316.55700000003,3423165.5700000003,712548.0,93005.555625,744044.445,0.0,0.444375,3.555,,,0.0,,,,0.0,0.6,0.0,0.4,0.0,0.0,1.0,0.0,0.0,0.0,0.0,0.0,0.0,0.0,0.6,0.4,0.0,0.0,0.0,0.0,0.0,0.0,0.0,0.0,0.0,0.0,0.0,,,,,,,,,,-2273.0,-209.0,-857.1666666666666,567531.7666666666,-1906.0,10750.0,3588.3333333333335,-110.0,0.0,0.0,1180.24875,1161000.0,387189.0,2323134.0,712548.0,186011.11125,744044.445,0.0,0.88875,3.555,,,0.0,,,,0.0,-2203.0,-863.0,-1319.25,399389.5833333333,-1807.0,10094.0,2021.25,-845.0,0.0,0.0,1431.10125,918000.0,275007.8925,1100031.57,0.0,0.0,0.0,0.0,0.0,0.0,,,0.0,,,,0.0
196493,0,1,0,0,157500.0,846387.0,24876.0,706500.0,0.018029,-19047,-2173.0,-5263.0,-2584,64.0,1,1,0,1,0,0,1.0,3,3,11,0,0,0,0,0,0,0.411716210652456,0.4793651458798779,,,,,,,,,,,,,,,,,,,,,,,,,,,,,,,,,,,,,,,,,,,,,0.0,0.0,0.0,0.0,-1558.0,0,1,0,0,0,0,0,0,0,0,0,0,0,0,0,0,0,0,0,0,,,,,,,True,False,False,False,False,False,False,False,True,False,False,False,False,False,False,False,True,False,False,False,False,True,False,False,False,False,False,True,False,False,True,False,False,False,False,False,False,False,False,False,False,False,True,False,False,False,False,False,False,False,False,False,False,False,False,False,True,False,False,False,False,False,False,False,False,False,False,False,False,False,False,False,False,False,False,False,False,False,True,False,False,False,False,False,False,False,False,False,False,False,False,False,False,False,False,False,False,False,False,False,False,False,False,False,False,False,False,False,False,False,False,False,False,False,False,False,False,False,False,False,False,False,False,False,False,False,False,False,False,False,False,False,False,0.11408620780175356,0.18608508873600374,157500.0,0.15794285714285713,0.029390810586646533,,,,,,,,,,,,,,,,,,,,,,,,,,,,,,,,,,,,,,,,,,,,,,,,,,,,,,,,,,,,,,,,,,,,,,,,,,,,,,,,,,,,,,,,,,,,,,,,,,,,,,,,,,,,,,,,,,,,
42938,0,0,0,0,157500.0,813105.0,41647.5,657000.0,0.020246,-18487,-851.0,-5660.0,-2043,,1,1,0,1,1,0,2.0,3,3,11,0,0,0,0,0,0,0.5519347983392618,0.3533548327324492,0.1963339662134567,0.1649,0.1589,0.9742,0.6464,0.0672,0.0,0.2759,0.1667,0.2083,0.1154,0.1345,0.0954,0.0,0.0,0.1681,0.1649,0.9742,0.6602,0.0678,0.0,0.2759,0.1667,0.2083,0.1181,0.1469,0.0994,0.0,0.0,0.1665,0.1589,0.9742,0.6511,0.0677,0.0,0.2759,0.1667,0.2083,0.1174,0.1368,0.0971,0.0,0.0,0.1118,0.0,0.0,0.0,0.0,-2192.0,0,1,0,0,0,0,0,0,0,0,0,0,0,0,0,0,0,0,0,0,0.0,0.0,0.0,0.0,0.0,4.0,True,False,False,False,False,False,False,False,True,False,False,False,False,False,False,False,True,False,False,False,False,True,False,True,False,False,False,False,False,True,False,False,False,False,False,False,False,False,False,False,False,False,True,False,False,False,False,False,False,False,False,False,False,True,False,False,False,False,False,False,False,False,False,False,True,False,False,False,False,False,False,False,False,False,False,False,False,False,False,False,False,False,False,False,False,False,False,False,False,False,False,False,False,False,False,False,False,False,False,False,False,False,False,False,False,False,False,False,False,False,False,False,False,False,False,False,False,False,False,True,False,True,False,False,False,False,False,False,True,False,False,True,False,0.046032347054687076,0.19370192041618242,78750.0,0.2644285714285714,0.05122032209862195,-1802.0,-21.0,-307.8333333333333,174141.20588235295,-1406.0,1486.0,-29.77777777777778,-168.55555555555554,0.0,0.0,0.0,1350000.0,256575.98000000004,4618367.640000001,1264881.33,74404.78411764707,1264881.33,0.0,0.0,0.0,1058818.5,63454.25,0.0,-59.0,0.0,6.277777777777778,113.0,0.1111111111111111,0.0,0.8888888888888888,0.0,0.0,1.0,0.0,0.0,0.0,0.0,0.0,0.0,0.0,1.0,0.0,0.0,0.0,0.0,0.0,0.0,0.0,0.0,0.0,0.0,0.0,0.0,0.6833333333333333,0.011111111111111112,0.0,0.0,0.0,0.0,0.27037037037037037,0.03518518518518518,0.0,-340.0,-278.0,-309.0,1922.0,87.0,1486.0,786.5,-93.0,0.0,0.0,0.0,1350000.0,712584.0,1425168.0,1264881.33,1264881.33,1264881.33,0.0,0.0,0.0,5688.0,2844.0,0.0,-11.0,-2.0,6.5,13.0,-1802.0,-21.0,-307.6875,197231.69583333333,-1406.0,1462.0,-131.8125,-178.0,0.0,0.0,0.0,1035000.0,199574.9775,3193199.64,0.0,0.0,0.0,0.0,0.0,0.0,1058818.5,71030.53125,0.0,-59.0,0.0,6.25,100.0
273089,1,0,0,0,67500.0,95940.0,9472.5,90000.0,0.025164,-20255,,-3392.0,-3399,,1,0,0,1,1,0,2.0,2,2,10,0,0,0,0,0,0,0.6236697755562186,0.4721386726623418,0.8004513396487078,,,,,,,,,,,,,,,,,,,,,,,,,,,,,,,,,,,,,,,,,,,,6.0,0.0,6.0,0.0,0.0,0,1,0,0,0,0,0,0,0,0,0,0,0,0,0,0,0,0,0,0,0.0,0.0,0.0,0.0,0.0,2.0,True,False,False,True,False,False,False,False,False,False,False,False,True,False,False,False,False,False,False,False,False,True,False,True,False,False,False,False,False,True,False,False,False,False,False,False,False,False,False,False,False,False,False,False,False,False,False,False,False,False,False,False,True,False,False,False,False,False,False,False,False,False,False,False,False,False,False,False,False,False,False,False,False,False,False,False,False,False,False,False,False,False,False,False,False,False,False,False,False,False,False,False,False,False,False,False,False,False,False,False,False,False,False,False,False,False,False,False,False,False,False,False,False,False,False,False,True,False,False,False,False,False,False,False,False,False,False,False,False,False,False,False,False,,0.7035647279549718,33750.0,0.14033333333333334,0.09873358348968105,-1969.0,-1155.0,-1502.0,176449.0,-1421.0,-729.0,-1097.0,-824.6666666666666,0.0,0.0,,226530.0,171193.5,513580.5,,,0.0,0.0,,0.0,,,0.0,,,,0.0,0.0,0.0,1.0,0.0,0.0,1.0,0.0,0.0,0.0,0.0,0.0,0.0,0.0,1.0,0.0,0.0,0.0,0.0,0.0,0.0,0.0,0.0,0.0,0.0,0.0,0.0,,,,,,,,,,,,,,,,,,,,,,,,,,,,,,,,,,,,,-1969.0,-1155.0,-1502.0,176449.0,-1421.0,-729.0,-1097.0,-824.6666666666666,0.0,0.0,,226530.0,171193.5,513580.5,,,0.0,0.0,,0.0,,,0.0,,,,0.0
40291,0,1,0,0,112500.0,180000.0,9000.0,180000.0,0.025164,-13270,-263.0,-7417.0,-4960,24.0,1,1,1,1,0,0,2.0,2,2,13,0,0,0,0,0,0,,0.6669769582587306,0.4614823912998385,0.1495,0.1091,0.9841,0.7824,0.0261,0.0,0.1379,0.3333,0.375,0.0506,0.121,0.1537,0.0039,0.0012,0.1523,0.1132,0.9841,0.7909,0.0263,0.0,0.1379,0.3333,0.375,0.0518,0.1322,0.1601,0.0039,0.0012,0.1509,0.1091,0.9841,0.7853,0.0262,0.0,0.1379,0.3333,0.375,0.0515,0.1231,0.1564,0.0039,0.0012,0.1354,0.0,0.0,0.0,0.0,-1135.0,0,0,0,0,0,0,0,0,0,0,0,0,0,0,0,0,0,0,0,0,0.0,0.0,0.0,0.0,0.0,0.0,False,True,False,True,False,False,False,False,False,False,False,False,False,False,False,False,True,False,True,False,False,False,True,False,False,False,False,False,False,True,False,False,False,False,False,False,False,False,False,False,False,False,True,False,False,False,False,False,False,False,False,False,False,False,False,True,False,False,False,False,False,False,False,False,False,False,False,False,False,False,False,False,False,False,False,False,False,False,False,False,False,False,False,True,False,False,False,False,False,False,False,False,False,False,False,False,False,False,False,False,False,False,False,False,False,False,False,False,False,False,False,False,False,False,False,False,False,False,True,False,False,True,False,False,False,False,False,False,True,False,False,True,False,0.019819140919366995,0.625,56250.0,0.08,0.05,-2403.0,-555.0,-1442.0,853100.7999999998,-2190.0,618.0,-931.4,-1024.0,0.0,0.0,3069.0,195750.0,93204.27,559225.62,109228.5,18204.75,109228.5,0.0,32625.0,195750.0,,,0.0,,,,0.0,0.3333333333333333,0.0,0.6666666666666666,0.0,0.0,1.0,0.0,0.0,0.0,0.0,0.0,0.0,0.0,0.3333333333333333,0.6666666666666666,0.0,0.0,0.0,0.0,0.0,0.0,0.0,0.0,0.0,0.0,0.0,,,,,,,,,,-630.0,-555.0,-592.5,2812.5,618.0,618.0,618.0,-26.0,0.0,0.0,11205.0,195750.0,154125.0,308250.0,109228.5,54614.25,109228.5,0.0,97875.0,195750.0,,,0.0,,,,0.0,-2403.0,-619.0,-1866.75,699246.9166666666,-2190.0,-254.0,-1318.75,-1523.0,0.0,0.0,1035.0,90000.0,62743.905,250975.62,0.0,0.0,0.0,0.0,0.0,0.0,,,0.0,,,,0.0
39518,0,1,0,0,180000.0,335592.0,26644.5,265500.0,0.0072739999999999,-15478,-1322.0,-674.0,-5068,23.0,1,1,0,1,0,0,2.0,2,2,15,0,0,0,0,1,1,,0.4986078287554971,0.4206109640437848,,,,,,,,,,,,,,,,,,,,,,,,,,,,,,,,,,,,,,,,,,,,0.0,0.0,0.0,0.0,-1174.0,0,1,0,0,0,0,0,0,0,0,0,0,0,0,0,0,0,0,0,0,0.0,0.0,0.0,0.0,0.0,10.0,True,False,False,False,False,False,False,False,True,False,False,False,False,False,False,False,True,False,False,False,False,True,False,True,False,False,False,False,False,True,False,False,False,False,False,False,False,False,False,False,False,False,False,False,True,False,False,False,False,False,False,False,False,False,False,False,False,False,True,False,False,False,False,False,False,False,False,False,False,False,False,False,False,False,False,False,False,False,False,False,False,False,False,False,False,False,False,False,False,False,False,False,False,False,False,False,False,False,False,False,False,False,False,False,False,False,False,False,False,False,True,False,False,False,False,False,False,False,False,False,False,False,False,False,False,False,False,False,False,False,False,False,False,0.08541155188008787,0.536365586783952,90000.0,0.148025,0.07939551598369449,-2872.0,-1223.0,-2047.5,1359600.5,-2506.0,604.0,-951.0,-1286.0,0.0,0.0,,229500.0,227250.0,454500.0,98235.0,49117.5,98235.0,0.0,0.0,0.0,5661.0,3505.5,0.0,-94.0,-1.0,40.5,81.0,0.5,0.0,0.5,0.0,0.0,1.0,0.0,0.0,0.0,0.0,0.0,0.0,0.0,0.5,0.5,0.0,0.0,0.0,0.0,0.0,0.0,0.0,0.0,0.0,0.0,0.0,0.6048780487804878,0.012195121951219513,0.0,0.0,0.0,0.0,0.2,0.18292682926829268,0.0,-1223.0,-1223.0,-1223.0,,604.0,604.0,604.0,-1.0,0.0,0.0,,229500.0,229500.0,229500.0,98235.0,98235.0,98235.0,0.0,0.0,0.0,1350.0,1350.0,0.0,-40.0,-1.0,40.0,40.0,-2872.0,-2872.0,-2872.0,,-2506.0,-2506.0,-2506.0,-2571.0,0.0,0.0,,225000.0,225000.0,225000.0,0.0,0.0,0.0,0.0,0.0,0.0,5661.0,5661.0,0.0,-94.0,-54.0,41.0,41.0
223025,0,0,0,0,112500.0,291915.0,12496.5,252000.0,0.0116569999999999,-21253,,-11411.0,-4469,,1,0,0,1,0,0,2.0,1,1,11,0,0,0,0,0,0,,0.4633846781722674,,0.0825,0.0836,0.9791,0.7144,0.0099,0.0,0.1379,0.1667,0.2083,0.0739,0.0672,0.0467,,,0.084,0.0868,0.9791,0.7256,0.01,0.0,0.1379,0.1667,0.2083,0.0756,0.0735,0.0487,,,0.0833,0.0836,0.9791,0.7182,0.0099,0.0,0.1379,0.1667,0.2083,0.0752,0.0684,0.0476,,,0.074,6.0,0.0,6.0,0.0,-117.0,0,0,0,0,1,0,0,0,0,0,0,0,0,0,0,0,0,0,0,0,0.0,0.0,0.0,0.0,0.0,1.0,True,False,False,False,False,False,False,False,True,False,False,False,True,False,False,False,False,False,False,False,False,True,False,True,False,False,False,False,False,True,False,False,False,False,False,False,False,False,False,False,False,False,False,False,False,False,False,False,False,False,False,False,False,False,True,False,False,False,False,False,False,False,False,False,False,False,False,False,False,False,False,False,False,False,False,False,False,False,False,False,False,False,False,False,False,False,False,False,False,False,False,False,False,False,False,False,False,False,False,False,False,False,False,False,False,False,False,False,False,False,False,False,False,False,False,False,True,False,False,True,False,True,False,False,False,False,False,False,True,False,False,True,False,,0.3853861569292431,56250.0,0.11108,0.04280869431170033,-2182.0,-2182.0,-2182.0,,-1940.0,-1940.0,-1940.0,-1940.0,0.0,0.0,0.0,42480.0,42480.0,42480.0,0.0,0.0,0.0,0.0,0.0,0.0,,,0.0,,,,0.0,0.0,0.0,1.0,0.0,0.0,1.0,0.0,0.0,0.0,0.0,0.0,0.0,0.0,1.0,0.0,0.0,0.0,0.0,0.0,0.0,0.0,0.0,0.0,0.0,0.0,0.0,,,,,,,,,,,,,,,,,,,,,,,,,,,,,,,,,,,,,-2182.0,-2182.0,-2182.0,,-1940.0,-1940.0,-1940.0,-1940.0,0.0,0.0,0.0,42480.0,42480.0,42480.0,0.0,0.0,0.0,0.0,0.0,0.0,,,0.0,,,,0.0
184016,1,0,0,0,135000.0,199080.0,11245.5,157500.0,0.032561,-21940,,-7295.0,-4690,,1,0,0,1,1,0,2.0,1,1,12,0,0,0,0,0,0,0.7496517845729032,0.788106504881873,0.7106743858828587,0.2558,0.12,0.9786,0.7076,0.0249,0.2548,0.1938,0.3854,0.3925,0.1667,0.219,0.2478,0.028,0.07,0.2269,0.1108,0.9786,0.7125,0.0252,0.282,0.2414,0.375,0.375,0.0825,0.1983,0.2174,0.0,0.0342,0.2311,0.1067,0.9786,0.7115,0.0251,0.28,0.2414,0.375,0.375,0.1259,0.2227,0.2412,0.0311,0.0577,0.1777,2.0,1.0,2.0,1.0,-3101.0,0,1,0,0,0,0,0,0,0,0,0,0,0,0,0,0,0,0,0,0,0.0,0.0,0.0,0.0,1.0,0.0,True,False,False,True,False,False,False,False,False,False,False,False,True,False,False,False,False,False,False,False,False,True,False,True,False,False,False,False,False,True,False,False,False,False,False,False,False,False,False,False,False,False,False,False,False,False,False,False,False,False,False,False,False,False,False,False,False,True,False,False,False,False,False,False,False,False,False,False,False,False,False,False,False,False,False,False,False,False,False,False,False,False,False,False,False,False,False,False,False,False,False,False,False,False,False,False,False,False,False,False,False,False,False,False,False,False,False,False,False,False,False,False,False,False,False,False,True,False,False,True,False,True,False,False,False,False,False,False,True,False,False,True,False,,0.6781193490054249,67500.0,0.0833,0.0564873417721519,-2467.0,-91.0,-1464.8333333333333,585694.9666666667,-2102.0,135.0,-764.6666666666666,-690.6666666666666,0.0,0.0,,337500.0,169666.05000000002,1017996.3,0.0,0.0,0.0,0.0,0.0,0.0,,,0.0,,,,0.0,0.16666666666666666,0.0,0.8333333333333334,0.0,0.0,1.0,0.0,0.0,0.0,0.0,0.0,0.0,0.0,0.6666666666666666,0.3333333333333333,0.0,0.0,0.0,0.0,0.0,0.0,0.0,0.0,0.0,0.0,0.0,,,,,,,,,,-91.0,-91.0,-91.0,,135.0,135.0,135.0,-26.0,0.0,0.0,,135000.0,135000.0,135000.0,0.0,0.0,0.0,0.0,0.0,0.0,,,0.0,,,,0.0,-2467.0,-1521.0,-1739.6,165893.3,-2102.0,-466.0,-944.6,-823.6,0.0,0.0,,337500.0,176599.26,882996.3,0.0,0.0,0.0,0.0,0.0,0.0,,,0.0,,,,0.0
113086,1,1,1,0,166500.0,450000.0,12001.5,450000.0,0.026392,-9588,-252.0,-4369.0,-1917,6.0,1,1,0,1,0,0,2.0,2,2,10,0,0,0,0,0,0,0.7324394850351347,0.513982555744924,0.4101025731788671,0.0825,,0.9796,,,0.0,0.2069,0.1667,,0.1072,,0.0715,,0.0663,0.084,,0.9796,,,0.0,0.2069,0.1667,,0.1096,,0.0745,,0.0702,0.0833,,0.9796,,,0.0,0.2069,0.1667,,0.1091,,0.0728,,0.0677,0.0707,0.0,0.0,0.0,0.0,-595.0,0,1,0,0,0,0,0,0,0,0,0,0,0,0,0,0,0,0,0,0,0.0,0.0,0.0,0.0,3.0,8.0,True,False,False,False,False,False,False,False,True,False,True,False,False,False,False,False,False,False,True,False,False,False,False,True,False,False,False,False,False,True,False,False,False,False,False,False,False,True,False,False,False,False,False,False,False,False,False,False,False,False,False,False,False,False,True,False,False,False,False,False,False,False,False,False,False,False,False,False,False,False,False,False,False,False,False,False,False,False,False,False,False,False,False,False,False,False,False,False,False,False,False,False,True,False,False,False,False,False,False,False,False,False,False,False,False,False,False,False,False,False,False,False,False,False,False,False,False,False,False,False,False,True,False,False,False,False,False,False,False,True,False,True,False,0.026282853566958697,0.37,83250.0,0.07208108108108108,0.02667,-536.0,-536.0,-536.0,,31068.0,31068.0,31068.0,-16.0,0.0,0.0,,270000.0,270000.0,270000.0,259987.5,259987.5,259987.5,0.0,0.0,0.0,,,0.0,,,,0.0,1.0,0.0,0.0,0.0,0.0,1.0,0.0,0.0,0.0,0.0,0.0,0.0,0.0,0.0,1.0,0.0,0.0,0.0,0.0,0.0,0.0,0.0,0.0,0.0,0.0,0.0,,,,,,,,,,-536.0,-536.0,-536.0,,31068.0,31068.0,31068.0,-16.0,0.0,0.0,,270000.0,270000.0,270000.0,259987.5,259987.5,259987.5,0.0,0.0,0.0,,,0.0,,,,0.0,,,,,,,,,,,,,,,,,,,,,,,,,,,
94307,0,0,1,0,148500.0,225000.0,11250.0,225000.0,0.022625,-11874,-2032.0,-4389.0,-4149,,1,1,0,1,0,0,1.0,2,2,19,0,0,0,0,1,1,0.5931618380233868,0.6142099601190864,0.5082869913916046,,,,,,,,,,,,,,,,,,,,,,,,,,,,,,,,,,,,,,,,,,,,5.0,0.0,5.0,0.0,-466.0,0,0,0,0,0,0,0,0,0,0,0,0,0,0,0,0,0,0,0,0,0.0,0.0,0.0,0.0,0.0,2.0,False,True,False,False,False,False,False,False,True,False,True,False,False,False,False,False,False,False,True,False,False,False,False,False,False,True,False,False,False,True,False,False,False,False,False,False,False,False,False,False,False,False,False,False,False,False,False,False,False,False,False,False,False,False,False,False,False,True,False,False,False,False,False,False,False,False,False,False,False,False,False,False,False,False,False,False,False,False,False,False,False,False,False,False,False,False,False,False,False,False,False,False,False,False,False,False,False,False,False,False,True,False,False,False,False,False,False,False,False,False,False,False,False,False,False,False,False,False,False,False,False,False,False,False,False,False,False,False,False,False,False,False,False,0.17113020043793162,0.66,148500.0,0.07575757575757576,0.05,-2765.0,-132.0,-1545.076923076923,778225.076923077,-2377.0,5347.0,-294.2307692307692,-782.6923076923077,0.0,0.0,6133.5,4500000.0,737471.0769230769,9587124.0,4474183.5,448431.3,4484313.0,0.0,0.0,0.0,,,0.0,,,,0.0,0.23076923076923078,0.0,0.7692307692307693,0.0,0.0,1.0,0.0,0.0,0.0,0.0,0.0,0.0,0.0,0.9230769230769231,0.0,0.0,0.0,0.0,0.0,0.0,0.0,0.0,0.07692307692307693,0.0,0.0,0.0,,,,,,,,,,-1516.0,-132.0,-921.6666666666666,507480.3333333334,-967.0,5347.0,1453.0,-407.0,0.0,0.0,,4500000.0,1672573.5,5017720.5,4474183.5,1494771.0,4484313.0,0.0,0.0,0.0,,,0.0,,,,0.0,-2765.0,-381.0,-1732.1,756449.2111111112,-2377.0,1356.0,-818.4,-895.4,0.0,0.0,6133.5,1447884.0,456940.35,4569403.5,0.0,0.0,0.0,0.0,0.0,0.0,,,0.0,,,,0.0
8685,1,0,0,0,45000.0,180000.0,9000.0,180000.0,0.02461,-18885,-3421.0,-2896.0,-2318,,1,1,0,1,0,0,2.0,2,2,13,0,0,0,0,0,0,,0.6074001758107007,0.6528965519806539,0.0619,0.0613,0.9886,0.8436,0.0093,0.0,0.1379,0.1667,0.2083,0.0,0.0504,0.0596,0.0,0.0,0.063,0.0636,0.9886,0.8497,0.0094,0.0,0.1379,0.1667,0.2083,0.0,0.0551,0.0621,0.0,0.0,0.0625,0.0613,0.9886,0.8457,0.0094,0.0,0.1379,0.1667,0.2083,0.0,0.0513,0.0606,0.0,0.0,0.0468,2.0,0.0,2.0,0.0,-730.0,0,0,0,0,0,0,0,0,0,0,0,0,0,0,0,0,0,0,0,0,0.0,0.0,0.0,0.0,1.0,1.0,False,True,False,False,False,False,False,False,True,False,False,False,False,False,False,False,True,False,False,False,False,True,False,True,False,False,False,False,False,True,False,False,False,False,False,False,False,True,False,False,False,False,False,False,False,False,False,False,False,False,False,False,False,False,False,False,False,False,True,False,False,False,False,False,False,False,False,False,False,False,False,False,False,False,False,False,False,False,False,False,False,False,False,False,False,False,False,False,False,False,False,False,False,False,True,False,False,False,False,False,False,False,False,False,False,False,False,False,False,False,False,False,False,False,False,False,False,False,False,True,False,True,False,False,False,False,False,False,True,False,False,True,False,0.18114906010060894,0.25,22500.0,0.2,0.05,-2298.0,-602.0,-1479.3333333333333,721685.3333333333,-472.0,1223.0,346.3333333333333,-249.33333333333334,0.0,0.0,0.0,382500.0,242212.5,726637.5,299361.375,99787.125,299361.375,0.0,0.0,0.0,,,0.0,,,,0.0,0.3333333333333333,0.0,0.6666666666666666,0.0,0.0,1.0,0.0,0.0,0.0,0.0,0.0,0.0,0.0,1.0,0.0,0.0,0.0,0.0,0.0,0.0,0.0,0.0,0.0,0.0,0.0,0.0,,,,,,,,,,-602.0,-602.0,-602.0,,1223.0,1223.0,1223.0,-5.0,0.0,0.0,0.0,382500.0,382500.0,382500.0,299361.375,299361.375,299361.375,0.0,0.0,0.0,,,0.0,,,,0.0,-2298.0,-1538.0,-1918.0,288800.0,-472.0,288.0,-92.0,-371.5,0.0,0.0,,220500.0,172068.75,344137.5,0.0,0.0,0.0,0.0,0.0,0.0,,,0.0,,,,0.0
114647,0,1,1,0,112500.0,216000.0,10521.0,216000.0,0.018209,-22041,,-12381.0,-2346,4.0,1,0,0,1,0,0,2.0,3,3,11,0,0,0,0,0,0,,0.5729525668660854,0.6006575372857061,,,,,,,,,,,,,,,,,,,,,,,,,,,,,,,,,,,,,,,,,,,,2.0,0.0,2.0,0.0,-1352.0,0,0,0,0,1,0,0,0,0,0,0,0,0,0,0,0,0,0,0,0,0.0,0.0,0.0,0.0,2.0,0.0,True,False,False,True,False,False,False,False,False,False,False,False,True,False,False,False,False,False,False,False,False,True,False,True,False,False,False,False,False,True,False,False,False,False,False,False,False,False,False,False,False,False,False,False,False,False,False,False,False,False,False,False,False,False,False,False,False,False,True,False,False,False,False,False,False,False,False,False,False,False,False,False,False,False,False,False,False,False,False,False,False,False,False,False,False,False,False,False,False,False,False,False,False,False,False,False,False,False,False,False,False,False,False,False,False,False,False,False,False,False,False,False,False,False,False,False,True,False,False,False,False,False,False,False,False,False,False,False,False,False,False,False,False,,0.5208333333333334,56250.0,0.09352,0.04870833333333333,-1553.0,-142.0,-846.75,466221.5833333333,-1188.0,135.0,-321.75,-551.25,0.0,0.0,0.0,435600.0,331911.0,1327644.0,0.0,0.0,0.0,0.0,0.0,0.0,,,0.0,,,,0.0,0.0,0.0,1.0,0.0,0.0,1.0,0.0,0.0,0.0,0.0,0.0,0.0,0.0,1.0,0.0,0.0,0.0,0.0,0.0,0.0,0.0,0.0,0.0,0.0,0.0,0.0,,,,,,,,,,,,,,,,,,,,,,,,,,,,,,,,,,,,,-1553.0,-142.0,-846.75,466221.5833333333,-1188.0,135.0,-321.75,-551.25,0.0,0.0,0.0,435600.0,331911.0,1327644.0,0.0,0.0,0.0,0.0,0.0,0.0,,,0.0,,,,0.0
281987,1,0,1,1,135000.0,1125000.0,33025.5,1125000.0,0.0145199999999999,-10628,-498.0,-2285.0,-2275,,1,1,1,1,1,0,3.0,2,2,14,0,0,0,0,0,0,0.5168533811272321,0.5826450815884858,0.4083588531230431,0.0773,0.0762,0.9886,0.8436,,0.0,0.1724,0.1667,0.2083,0.0,,0.0778,,0.0,0.0788,0.0781,0.9881,0.8432,,0.0,0.1724,0.1667,0.2083,0.0,,0.0803,,0.0,0.0781,0.0762,0.9886,0.8457,,0.0,0.1724,0.1667,0.2083,0.0,,0.0792,,0.0,0.0606,0.0,0.0,0.0,0.0,-759.0,0,1,0,0,0,0,0,0,0,0,0,0,0,0,0,0,0,0,0,0,0.0,0.0,0.0,0.0,0.0,1.0,True,False,False,False,False,False,False,False,True,False,True,False,False,False,False,False,False,False,True,False,False,False,False,True,False,False,False,False,False,True,False,False,False,False,False,False,False,False,False,False,False,False,False,False,False,False,False,False,False,False,False,False,False,False,False,False,False,False,True,False,False,False,False,False,True,False,False,False,False,False,False,False,False,False,False,False,False,False,False,False,False,False,False,False,False,False,False,False,False,False,False,False,False,False,False,False,False,False,False,False,False,False,False,False,False,False,False,False,False,False,False,False,False,False,False,False,False,False,False,False,True,True,False,False,False,False,False,False,True,False,False,True,False,0.04685735792246895,0.12,45000.0,0.24463333333333334,0.029356,-1542.0,-406.0,-821.8,284589.2,-515.0,689.0,0.2,-262.2,0.0,0.0,,350865.0,125478.0,627390.0,106519.5,21303.9,106519.5,0.0,0.0,0.0,2700.0,2700.0,0.0,-50.0,0.0,27.4,137.0,0.4,0.0,0.6,0.0,0.0,1.0,0.0,0.0,0.0,0.0,0.0,0.0,0.0,0.4,0.6,0.0,0.0,0.0,0.0,0.0,0.0,0.0,0.0,0.0,0.0,0.0,0.3457441757190681,0.0,0.0,0.0,0.0,0.0,0.21520803443328554,0.43904778984764636,0.0,-431.0,-406.0,-418.5,312.5,384.0,689.0,536.5,-24.5,0.0,0.0,,112500.0,81000.0,162000.0,106519.5,53259.75,106519.5,0.0,0.0,0.0,2700.0,2700.0,0.0,-14.0,0.0,14.5,29.0,-1542.0,-484.0,-1090.6666666666667,297937.3333333333,-515.0,-119.0,-357.3333333333333,-420.6666666666667,0.0,0.0,,350865.0,155130.0,465390.0,0.0,0.0,0.0,0.0,0.0,0.0,2700.0,2700.0,0.0,-50.0,0.0,36.0,108.0
24541,1,0,0,0,153000.0,284400.0,16011.0,225000.0,0.025164,-24031,,-4291.0,-4330,,1,0,0,1,0,0,2.0,2,2,11,0,0,0,0,0,0,,0.5023252973976471,,0.0247,0.0523,0.9742,0.6464,0.0163,0.0,0.1034,0.0417,0.0417,0.009,0.0202,0.0121,0.0,0.006,0.0252,0.0543,0.9742,0.6602,0.0164,0.0,0.1034,0.0417,0.0417,0.0092,0.022,0.0126,0.0,0.0064,0.025,0.0523,0.9742,0.6511,0.0164,0.0,0.1034,0.0417,0.0417,0.0091,0.0205,0.0124,0.0,0.0062,0.0095,1.0,0.0,1.0,0.0,-1007.0,0,0,0,0,1,0,0,0,0,0,0,0,0,0,0,0,0,0,0,0,,,,,,,True,False,False,True,False,False,False,False,False,False,False,False,True,False,False,False,False,False,False,False,False,True,False,True,False,False,False,False,False,True,False,False,False,False,False,False,False,False,False,False,False,False,False,False,False,False,False,False,False,False,False,False,False,False,False,False,False,True,False,False,False,False,False,False,False,False,False,False,False,False,False,False,False,False,False,False,False,False,False,False,False,False,False,False,False,False,False,False,False,False,False,False,False,False,False,False,False,False,False,False,False,False,False,False,False,False,False,False,False,False,False,False,False,False,False,False,True,False,False,True,False,True,False,False,False,False,False,False,False,True,False,True,False,,0.5379746835443038,76500.0,0.10464705882352941,0.05629746835443038,,,,,,,,,,,,,,,,,,,,,,,,,,,,,,,,,,,,,,,,,,,,,,,,,,,,,,,,,,,,,,,,,,,,,,,,,,,,,,,,,,,,,,,,,,,,,,,,,,,,,,,,,,,,,,,,,,,,
107255,1,0,0,0,90000.0,269550.0,14620.5,225000.0,0.0060079999999999,-8996,-582.0,-3784.0,-1673,,1,1,0,1,0,0,1.0,2,2,13,0,0,0,0,1,1,0.5171888932872059,0.1109228641664382,0.3031463744186309,,,,,,,,,,,,,,,,,,,,,,,,,,,,,,,,,,,,,,,,,,,,0.0,0.0,0.0,0.0,-980.0,0,1,0,0,0,0,0,0,0,0,0,0,0,0,0,0,0,0,0,0,0.0,0.0,0.0,0.0,2.0,1.0,True,False,False,False,False,False,False,False,True,False,False,False,False,False,False,False,True,False,True,False,False,False,False,False,False,True,False,False,False,True,False,False,False,False,False,False,False,False,False,False,False,False,False,False,False,False,False,False,True,False,False,False,False,False,False,False,False,True,False,False,False,False,False,False,False,False,False,False,False,False,False,False,False,False,False,False,False,False,False,False,False,False,False,False,False,False,False,False,False,False,False,True,False,False,False,False,False,False,False,False,False,False,False,False,False,False,False,False,False,False,False,False,False,False,False,False,False,False,False,False,False,False,False,False,False,False,False,False,False,False,False,False,False,0.06469542018674966,0.333889816360601,90000.0,0.16245,0.05424040066777963,-726.0,-465.0,-578.3333333333334,17914.333333333336,-299.0,361.0,-12.333333333333334,-295.3333333333333,0.0,0.0,,90000.0,44124.0,132372.0,0.0,0.0,0.0,0.0,0.0,0.0,0.0,0.0,0.0,-23.0,0.0,19.333333333333332,58.0,0.6666666666666666,0.0,0.3333333333333333,0.0,0.0,1.0,0.0,0.0,0.0,0.0,0.0,0.0,0.0,0.3333333333333333,0.6666666666666666,0.0,0.0,0.0,0.0,0.0,0.0,0.0,0.0,0.0,0.0,0.0,0.18287037037037038,0.020833333333333332,0.0,0.0,0.0,0.0,0.7638888888888888,0.032407407407407406,0.0,-726.0,-465.0,-595.5,34060.5,-99.0,361.0,131.0,-205.0,0.0,0.0,,90000.0,56250.0,112500.0,0.0,0.0,0.0,0.0,0.0,0.0,0.0,0.0,0.0,-23.0,0.0,20.0,40.0,-544.0,-544.0,-544.0,,-299.0,-299.0,-299.0,-476.0,0.0,0.0,,19872.0,19872.0,19872.0,0.0,0.0,0.0,0.0,0.0,0.0,,,0.0,-17.0,0.0,18.0,18.0
79517,1,0,0,2,126000.0,284256.0,29979.0,270000.0,0.026392,-10395,-740.0,-1358.0,-369,,1,1,1,1,1,0,4.0,2,2,10,0,0,0,0,1,1,0.4114207869185976,0.1793251199554489,0.5779691187553125,,,,,,,,,,,,,,,,,,,,,,,,,,,,,,,,,,,,,,,,,,,,3.0,1.0,3.0,1.0,0.0,0,1,0,0,0,0,0,0,0,0,0,0,0,0,0,0,0,0,0,0,0.0,0.0,0.0,0.0,0.0,0.0,True,False,False,False,False,False,False,False,True,False,True,False,False,False,False,False,False,False,True,False,False,False,False,True,False,False,False,False,False,True,False,False,False,False,False,False,False,False,False,False,False,False,False,False,False,False,False,False,True,False,False,False,False,False,False,False,False,False,True,False,False,False,False,False,False,False,False,False,False,False,False,False,False,False,False,False,False,False,False,False,False,False,False,False,False,False,False,False,False,False,False,False,True,False,False,False,False,False,False,False,False,False,False,False,False,False,False,False,False,False,False,False,False,False,False,False,False,False,False,False,False,False,False,False,False,False,False,False,False,False,False,False,False,0.07118807118807119,0.4432624113475177,31500.0,0.23792857142857143,0.10546479229989868,-1730.0,-43.0,-1022.6666666666666,363584.96969696967,-1637.0,139.0,-783.6363636363636,-784.9166666666666,0.0,0.0,0.0,180000.0,94198.09125,1130377.095,96498.0,8041.5,96498.0,0.0,0.0,0.0,,,0.0,,,,0.0,0.16666666666666666,0.0,0.8333333333333334,0.0,0.0,1.0,0.0,0.0,0.0,0.0,0.0,0.0,0.0,0.9166666666666666,0.08333333333333333,0.0,0.0,0.0,0.0,0.0,0.0,0.0,0.0,0.0,0.0,0.0,,,,,,,,,,-1623.0,-43.0,-833.0,1248200.0,139.0,139.0,139.0,-481.5,0.0,0.0,,168750.0,141331.5,282663.0,96498.0,48249.0,96498.0,0.0,0.0,0.0,,,0.0,,,,0.0,-1730.0,-103.0,-1060.6,296099.8222222222,-1637.0,-42.0,-875.9,-845.6,0.0,0.0,0.0,180000.0,84771.4095,847714.095,0.0,0.0,0.0,0.0,0.0,0.0,,,0.0,,,,0.0
221316,1,0,0,1,157500.0,436032.0,20457.0,360000.0,0.020246,-11163,-65.0,-5908.0,-3509,,1,1,0,1,0,0,3.0,3,3,14,0,0,0,0,0,0,,0.6165494089759113,0.4258928980051529,,,,,,,,,,,,,,,,,,,,,,,,,,,,,,,,,,,,,,,,,,,,0.0,0.0,0.0,0.0,-1713.0,0,1,0,0,0,0,0,0,0,0,0,0,0,0,0,0,0,0,0,0,0.0,0.0,0.0,0.0,0.0,6.0,True,False,False,False,False,False,False,False,True,False,False,False,False,False,False,False,True,False,True,False,False,False,False,True,False,False,False,False,True,False,False,False,False,False,False,False,False,False,False,False,False,False,False,False,False,True,False,False,False,False,False,False,False,False,False,False,True,False,False,False,False,False,False,False,False,False,False,False,False,False,False,False,False,False,False,False,False,False,False,False,False,False,False,False,False,False,False,False,False,True,False,False,False,False,False,False,False,False,False,False,False,False,False,False,False,False,False,False,False,False,False,False,False,False,False,False,False,False,False,False,False,False,False,False,False,False,False,False,False,False,False,False,False,0.005822807489026248,0.36121202113606343,52500.0,0.1298857142857143,0.04691628137384412,-2679.0,-290.0,-1293.923076923077,523569.9102564102,-2403.0,9094.0,221.9090909090909,-906.6153846153846,0.0,0.0,0.0,450004.5,147694.5276923077,1920028.8599999999,403461.0,57637.28571428572,403461.0,0.0,0.0,0.0,,,1.0,,,,0.0,0.38461538461538464,0.0,0.5384615384615384,0.07692307692307693,0.0,1.0,0.0,0.0,0.0,0.0,0.0,0.0,0.0,0.6923076923076923,0.3076923076923077,0.0,0.0,0.0,0.0,0.0,0.0,0.0,0.0,0.0,0.0,0.0,,,,,,,,,,-1863.0,-290.0,-832.8,359745.20000000007,1181.0,9094.0,3937.0,-295.8,0.0,0.0,0.0,450004.5,217350.9,1086754.5,403461.0,201730.5,403461.0,0.0,0.0,0.0,,,1.0,,,,0.0,-2679.0,-889.0,-1510.857142857143,471962.14285714296,-2403.0,131.0,-1084.2857142857142,-1192.0,0.0,0.0,0.0,405000.0,113536.33714285714,794754.36,0.0,0.0,0.0,0.0,0.0,0.0,,,0.0,,,,0.0
4967,1,0,0,0,135000.0,450000.0,25834.5,450000.0,0.026392,-17108,-745.0,-4014.0,-329,,1,1,0,1,0,0,1.0,2,2,17,0,0,0,0,0,0,,0.700897414963151,0.5779691187553125,0.4268,,0.994,,,0.44,0.1724,0.75,,,,0.5295,,0.067,0.4349,,0.994,,,0.4431,0.1724,0.75,,,,0.5517,,0.071,0.4309,,0.994,,,0.44,0.1724,0.75,,,,0.539,,0.0684,0.4311,0.0,0.0,0.0,0.0,-266.0,0,1,0,0,0,0,0,0,0,0,0,0,0,0,0,0,0,0,0,0,0.0,0.0,0.0,0.0,1.0,4.0,True,False,False,True,False,False,False,False,False,False,False,False,False,False,False,False,True,False,False,False,False,True,False,False,False,True,False,False,False,True,False,False,False,False,False,False,False,False,False,False,False,False,False,False,False,False,False,False,False,False,False,False,False,False,False,False,False,True,False,False,False,False,False,False,True,False,False,False,False,False,False,False,False,False,False,False,False,False,False,False,False,False,False,False,False,False,False,False,False,False,False,False,False,False,False,False,False,False,False,False,False,False,False,False,False,False,False,False,False,False,False,False,False,False,False,False,False,False,False,False,False,True,False,False,False,False,True,False,False,False,False,True,False,0.04354687865326163,0.3,135000.0,0.19136666666666666,0.05741,-300.0,-300.0,-300.0,,430.0,430.0,430.0,-268.0,0.0,0.0,,177142.5,177142.5,177142.5,0.0,0.0,0.0,0.0,,0.0,,,0.0,,,,0.0,0.0,0.0,1.0,0.0,0.0,1.0,0.0,0.0,0.0,0.0,0.0,0.0,0.0,1.0,0.0,0.0,0.0,0.0,0.0,0.0,0.0,0.0,0.0,0.0,0.0,0.0,,,,,,,,,,,,,,,,,,,,,,,,,,,,,,,,,,,,,-300.0,-300.0,-300.0,,430.0,430.0,430.0,-268.0,0.0,0.0,,177142.5,177142.5,177142.5,0.0,0.0,0.0,0.0,,0.0,,,0.0,,,,0.0
219763,1,0,0,0,225000.0,728460.0,44694.0,675000.0,0.0072739999999999,-8193,-1095.0,-2846.0,-859,,1,1,0,1,0,0,2.0,2,2,15,0,0,0,0,0,0,0.5126450439257654,0.6282968003637988,0.4258928980051529,0.0722,0.0727,0.9846,,0.0,0.0,0.1379,0.1667,0.2083,0.0134,0.0588,0.0461,0.0,0.0761,0.0735,0.0755,0.9846,,0.0,0.0,0.1379,0.1667,0.2083,0.0137,0.0643,0.0481,0.0,0.0805,0.0729,0.0727,0.9846,,0.0,0.0,0.1379,0.1667,0.2083,0.0136,0.0599,0.047,0.0,0.0777,0.0528,0.0,0.0,0.0,0.0,-589.0,0,1,0,0,0,0,0,0,0,0,0,0,0,0,0,0,0,0,0,0,0.0,0.0,0.0,0.0,0.0,1.0,True,False,False,True,False,False,False,False,False,False,True,False,False,False,False,False,False,False,True,False,False,False,False,True,False,False,False,False,False,True,False,False,False,False,False,False,False,False,False,False,False,False,False,False,False,False,False,False,False,False,False,False,False,False,True,False,False,False,False,False,False,False,False,False,False,False,False,False,False,False,False,False,False,False,False,False,False,False,False,False,False,False,False,False,False,True,False,False,False,False,False,False,False,False,False,False,False,False,False,False,False,False,False,False,False,False,False,False,False,False,False,False,False,False,False,False,False,False,True,False,False,True,False,False,False,False,False,False,True,False,False,True,False,0.13365067740754302,0.30887076847047196,112500.0,0.19864,0.061354089448974546,-400.0,-242.0,-321.0,12482.0,700.0,1584.0,1142.0,-95.0,0.0,0.0,,558000.0,391500.0,783000.0,214857.0,107428.5,214857.0,0.0,0.0,0.0,0.0,0.0,0.0,-13.0,0.0,8.0,16.0,0.5,0.0,0.5,0.0,0.0,1.0,0.0,0.0,0.0,0.0,0.0,0.0,0.0,0.5,0.5,0.0,0.0,0.0,0.0,0.0,0.0,0.0,0.0,0.0,0.0,0.0,0.125,0.0,0.0,0.0,0.0,0.0,0.875,0.0,0.0,-400.0,-400.0,-400.0,,700.0,700.0,700.0,-11.0,0.0,0.0,,225000.0,225000.0,225000.0,214857.0,214857.0,214857.0,0.0,0.0,0.0,0.0,0.0,0.0,-13.0,-6.0,8.0,8.0,-242.0,-242.0,-242.0,,1584.0,1584.0,1584.0,-179.0,0.0,0.0,,558000.0,558000.0,558000.0,0.0,0.0,0.0,0.0,0.0,0.0,0.0,0.0,0.0,-7.0,0.0,8.0,8.0
169804,1,0,0,0,92250.0,180000.0,9000.0,180000.0,0.018029,-8913,-1044.0,-3738.0,-604,,1,1,0,1,0,0,2.0,3,3,8,0,0,0,0,0,0,0.2937354713846236,0.0283610180737078,0.1464420666789632,0.1227,,0.9851,,,0.0,0.2759,0.1667,,,,0.1099,,0.0,0.125,,0.9851,,,0.0,0.2759,0.1667,,,,0.1145,,0.0,0.1239,,0.9851,,,0.0,0.2759,0.1667,,,,0.1118,,0.0,0.0864,0.0,0.0,0.0,0.0,-108.0,0,0,0,0,0,0,0,0,0,0,0,0,0,0,0,0,0,0,0,0,0.0,0.0,0.0,1.0,0.0,5.0,False,True,False,False,False,False,False,False,True,False,True,False,False,False,False,False,False,False,False,False,False,True,False,True,False,False,False,False,False,True,False,False,False,False,False,False,False,False,False,False,False,False,False,False,False,False,False,False,False,False,False,False,False,False,True,False,False,False,False,False,False,False,False,False,True,False,False,False,False,False,False,False,False,False,False,False,False,False,False,False,False,False,False,False,False,False,False,False,False,False,False,False,False,False,False,False,False,False,False,False,False,False,False,False,False,False,False,False,False,False,False,False,False,False,False,False,False,False,False,False,False,True,False,False,False,False,False,False,True,False,False,True,False,0.11713227869404241,0.5125,46125.0,0.0975609756097561,0.05,-662.0,-183.0,-375.6666666666667,63940.333333333336,-393.0,449.0,80.0,-147.0,0.0,0.0,3715.8075,243000.0,234000.0,702000.0,182242.44,109783.98,329351.94,0.0,0.0,0.0,,,0.0,,,,0.0,0.6666666666666666,0.0,0.3333333333333333,0.0,0.0,1.0,0.0,0.0,0.0,0.0,0.0,0.0,0.0,1.0,0.0,0.0,0.0,0.0,0.0,0.0,0.0,0.0,0.0,0.0,0.0,0.0,,,,,,,,,,-282.0,-183.0,-232.5,4900.5,184.0,449.0,316.5,-25.0,0.0,0.0,3715.8075,234000.0,229500.0,459000.0,182242.44,164675.97,329351.94,0.0,0.0,0.0,,,0.0,,,,0.0,-662.0,-662.0,-662.0,,-393.0,-393.0,-393.0,-391.0,0.0,0.0,,243000.0,243000.0,243000.0,0.0,0.0,0.0,0.0,,0.0,,,0.0,,,,0.0
305242,1,1,1,1,144000.0,898326.0,23827.5,643500.0,0.035792,-12447,-1833.0,-3297.0,-1597,3.0,1,1,0,1,0,0,3.0,2,2,15,0,0,0,0,0,0,0.5960149580842334,0.7422798135510466,0.158554899794863,0.0495,0.0274,0.9836,0.7756,,0.0,0.1379,0.1667,0.0417,,0.0395,0.0484,0.0039,0.064,0.0504,0.0284,0.9836,0.7844,,0.0,0.1379,0.1667,0.0417,,0.0432,0.0504,0.0039,0.0677,0.05,0.0274,0.9836,0.7786,,0.0,0.1379,0.1667,0.0417,,0.0402,0.0492,0.0039,0.0653,0.052,1.0,0.0,1.0,0.0,-428.0,0,1,0,0,0,0,0,0,0,0,0,0,0,0,0,0,0,0,0,0,0.0,0.0,0.0,0.0,0.0,0.0,True,False,False,False,False,False,False,True,False,False,True,False,False,False,False,False,False,False,True,False,False,False,False,True,False,False,False,False,False,False,False,False,True,False,False,False,False,False,False,False,False,False,False,False,True,False,False,False,False,False,False,False,False,False,True,False,False,False,False,False,False,False,False,False,False,False,False,False,False,False,False,False,False,False,False,False,False,False,False,False,False,False,False,False,False,False,False,False,False,False,False,False,False,False,False,False,False,False,False,False,False,False,False,False,False,False,False,False,False,False,True,False,False,False,False,False,False,False,False,True,False,True,False,False,False,False,False,False,True,False,False,True,False,0.1472644010604965,0.16029815456749555,48000.0,0.16546875,0.026524335263590278,-1094.0,-43.0,-538.375,187923.4107142857,-788.0,509.0,-123.875,-240.75,0.0,0.0,7464.3,324000.0,117102.8475,936822.78,24840.0,6763.5257142857145,47344.68,0.0,0.0,0.0,,,0.0,,,,0.0,0.625,0.0,0.375,0.0,0.0,1.0,0.0,0.0,0.0,0.0,0.0,0.125,0.0,0.75,0.125,0.0,0.0,0.0,0.0,0.0,0.0,0.0,0.0,0.0,0.0,0.0,,,,,,,,,,-925.0,-43.0,-327.2,118605.2,32.0,509.0,177.4,-15.4,0.0,0.0,1829.7,324000.0,95382.0,476910.0,24840.0,11836.17,47344.68,0.0,0.0,0.0,,,0.0,,,,0.0,-1094.0,-485.0,-890.3333333333334,123222.33333333334,-788.0,-362.0,-626.0,-616.3333333333334,0.0,0.0,18733.5,322852.5,153304.26,459912.78,0.0,0.0,0.0,0.0,0.0,0.0,,,0.0,,,,0.0
286435,1,1,1,0,247500.0,900000.0,26316.0,900000.0,0.018634,-15794,-3563.0,-565.0,-4749,2.0,1,1,1,1,1,0,2.0,2,2,12,0,0,0,0,0,0,,0.4688971905811787,0.5779691187553125,,,0.9861,,,,,,,,,0.1551,,,,,0.9861,,,,,,,,,0.1616,,,,,0.9861,,,,,,,,,0.1579,,,0.1529,0.0,0.0,0.0,0.0,-1654.0,0,0,0,0,0,0,1,0,0,0,0,0,0,0,0,0,0,0,0,0,0.0,0.0,0.0,0.0,0.0,3.0,True,False,False,False,False,False,False,False,True,False,False,False,False,True,False,False,False,False,True,False,False,False,False,True,False,False,False,False,False,True,False,False,False,False,False,False,False,False,False,False,False,False,False,False,True,False,False,False,False,False,False,False,False,False,False,False,True,False,False,False,False,False,False,False,False,False,False,False,False,False,False,False,False,False,False,False,False,False,False,False,False,False,False,False,False,False,False,False,False,False,False,False,False,True,False,False,False,False,False,False,False,False,False,False,False,False,False,False,False,False,False,False,False,False,False,False,False,False,False,False,False,False,False,False,False,False,False,False,False,False,False,True,False,0.2255919969608712,0.275,123750.0,0.10632727272727273,0.02924,-2908.0,-166.0,-1154.2857142857142,745078.8351648351,-2359.0,1388.0,-503.42857142857144,-586.4285714285714,0.0,0.0,1505.5714285714287,3239595.0,473963.32285714283,6635486.52,2213766.0,278467.125,3341605.5,0.0,0.0,0.0,,,0.0,,,,0.0,0.5,0.0,0.5,0.0,0.0,1.0,0.0,0.0,0.0,0.0,0.0,0.07142857142857142,0.0,0.7857142857142857,0.14285714285714285,0.0,0.0,0.0,0.0,0.0,0.0,0.0,0.0,0.0,0.0,0.0,,,,,,,,,,-786.0,-166.0,-472.7142857142857,34841.904761904756,-136.0,1388.0,497.85714285714283,-172.57142857142858,0.0,0.0,0.0,3239595.0,845488.1314285714,5918416.92,2213766.0,477372.21428571426,3341605.5,0.0,0.0,0.0,,,0.0,,,,0.0,-2908.0,-949.0,-1835.857142857143,495569.8095238095,-2359.0,-583.0,-1504.7142857142858,-1000.2857142857143,0.0,0.0,3513.0,270000.0,102438.51428571428,717069.6,0.0,0.0,0.0,0.0,0.0,0.0,,,0.0,,,,0.0
32161,1,1,0,1,540000.0,2064186.0,54450.0,1845000.0,0.018029,-18782,-1440.0,-1699.0,-2317,9.0,1,1,0,1,0,0,3.0,3,3,5,0,0,0,0,0,0,0.7103454910381716,0.3372655112784962,0.172495466777331,0.0753,0.054,0.9806,0.7348,0.0138,0.0,0.1034,0.1667,0.0417,0.0,0.0597,0.0726,0.0077,0.043,0.0767,0.056,0.9806,0.7452,0.0139,0.0,0.1034,0.1667,0.0417,0.0,0.0652,0.0756,0.0078,0.0456,0.076,0.054,0.9806,0.7383,0.0138,0.0,0.1034,0.1667,0.0417,0.0,0.0607,0.0739,0.0078,0.044,0.0664,1.0,0.0,1.0,0.0,-1876.0,0,1,0,0,0,0,0,0,0,0,0,0,0,0,0,0,0,0,0,0,0.0,0.0,0.0,0.0,0.0,0.0,True,False,False,False,False,False,False,False,True,False,True,False,False,False,False,False,False,False,False,False,False,True,False,True,False,False,False,False,False,True,False,False,False,False,False,False,False,False,False,False,False,False,False,False,True,False,False,False,False,False,False,False,False,True,False,False,False,False,False,False,False,False,False,False,False,False,False,False,False,False,False,False,False,False,False,False,False,False,False,False,False,False,False,False,False,False,False,False,False,False,False,False,False,False,False,False,False,False,False,False,False,False,True,False,False,False,False,False,False,False,False,False,False,False,False,False,False,False,False,True,False,True,False,False,False,False,False,False,False,True,False,True,False,0.07666915131508892,0.2616043321677407,180000.0,0.10083333333333333,0.026378436826913855,-1420.0,-271.0,-934.7777777777778,186836.69444444444,-518.0,31158.0,4100.333333333333,-352.1111111111111,0.0,0.0,30219.5475,22500000.0,5559671.0,50037039.0,20601549.0,2880787.5,25927087.5,0.0,0.0,0.0,,,0.0,,,,0.0,0.4444444444444444,0.0,0.5555555555555556,0.0,0.0,1.0,0.0,0.0,0.0,0.0,0.0,0.0,0.0,0.8888888888888888,0.1111111111111111,0.0,0.0,0.0,0.0,0.0,0.0,0.0,0.0,0.0,0.0,0.0,,,,,,,,,,-1321.0,-642.0,-1019.75,113446.91666666667,505.0,31158.0,9260.0,-7.5,0.0,0.0,,22500000.0,9334183.5,37336734.0,20601549.0,6481771.875,25927087.5,0.0,0.0,0.0,,,0.0,,,,0.0,-1420.0,-271.0,-866.8,275591.7,-518.0,413.0,-27.4,-627.8,0.0,0.0,30219.5475,10786500.0,2540061.0,12700305.0,0.0,0.0,0.0,0.0,0.0,0.0,,,0.0,,,,0.0
104002,1,0,1,0,225000.0,1024740.0,43416.0,900000.0,0.016612,-15876,-7369.0,-4228.0,-5660,,1,1,1,1,1,0,2.0,2,2,13,0,0,0,0,0,0,0.7370135682485776,0.6034876022835876,,,,,,,,,,,,,,,,,,,,,,,,,,,,,,,,,,,,,,,,,,,,,1.0,0.0,1.0,0.0,-1978.0,0,1,0,0,0,0,0,0,0,0,0,0,0,0,0,0,0,0,0,0,,,,,,,True,False,False,True,False,False,False,False,False,False,False,False,False,False,False,False,True,False,True,False,False,False,False,True,False,False,False,False,False,True,False,False,False,False,False,False,False,False,False,False,False,False,False,False,True,False,False,False,False,False,False,False,True,False,False,False,False,False,False,False,False,False,False,False,False,False,False,False,False,False,False,False,False,False,False,False,False,False,False,False,False,False,False,False,False,False,False,False,False,False,False,False,True,False,False,False,False,False,False,False,False,False,False,False,False,False,False,False,False,False,False,False,False,False,False,False,False,False,False,False,False,False,False,False,False,False,False,False,False,False,False,False,False,0.4641597379692618,0.21956789039170913,112500.0,0.19296,0.04236782012998419,,,,,,,,,,,,,,,,,,,,,,,,,,,,,,,,,,,,,,,,,,,,,,,,,,,,,,,,,,,,,,,,,,,,,,,,,,,,,,,,,,,,,,,,,,,,,,,,,,,,,,,,,,,,,,,,,,,,
250147,1,1,1,0,180000.0,630000.0,22626.0,630000.0,0.00733,-22249,,-2970.0,-4740,10.0,1,0,0,1,0,0,2.0,2,2,15,0,0,0,0,0,0,0.8518820319305177,0.6416059504610513,0.5370699579791587,,,,,,,,,,,,,,,,,,,,,,,,,,,,,,,,,,,,,,,,,,,,0.0,0.0,0.0,0.0,-2197.0,0,1,0,0,0,0,0,0,0,0,0,0,0,0,0,0,0,0,0,0,0.0,0.0,0.0,0.0,0.0,3.0,True,False,False,False,False,False,False,False,True,False,False,False,True,False,False,False,False,False,True,False,False,False,False,True,False,False,False,False,False,True,False,False,False,False,False,False,False,False,False,False,False,False,False,False,False,False,False,False,False,False,False,False,False,True,False,False,False,False,False,False,False,False,False,False,False,False,False,False,False,False,False,False,False,False,False,False,False,False,False,False,False,False,False,False,False,False,False,False,False,False,False,False,False,False,False,False,False,False,False,False,False,False,False,False,False,False,False,False,False,False,False,False,False,False,False,False,True,False,False,False,False,False,False,False,False,False,False,False,False,False,False,False,False,,0.2857142857142857,90000.0,0.1257,0.03591428571428571,-2869.0,-255.0,-1457.6470588235295,942796.1176470588,-2661.0,30927.0,984.7647058823529,-876.4117647058823,0.0,0.0,0.0,796500.0,179007.4905882353,3043127.34,187465.5,19600.714285714286,274410.0,0.0,0.0,0.0,10242.0,1041.0,0.0,-94.0,0.0,48.529411764705884,825.0,0.23529411764705882,0.0,0.7647058823529411,0.0,0.0,1.0,0.0,0.0,0.0,0.0,0.0,0.11764705882352941,0.0,0.7647058823529411,0.11764705882352941,0.0,0.0,0.0,0.0,0.0,0.0,0.0,0.0,0.0,0.0,0.0,0.37797470548239853,0.0,0.0,0.0,0.0,0.0,0.43605318261710607,0.1859721119004954,0.0,-1227.0,-255.0,-741.25,208801.58333333334,49.0,30927.0,7978.25,-31.25,0.0,0.0,,427500.0,192742.875,770971.5,187465.5,68602.5,274410.0,0.0,0.0,0.0,10242.0,4164.0,0.0,-40.0,0.0,25.0,100.0,-2869.0,-446.0,-1678.076923076923,981147.7435897436,-2661.0,-265.0,-1167.076923076923,-1136.4615384615386,0.0,0.0,0.0,796500.0,174781.21846153846,2272155.84,0.0,0.0,0.0,0.0,0.0,0.0,0.0,0.0,0.0,-94.0,0.0,55.76923076923077,725.0
28826,1,0,0,0,112500.0,986418.0,41922.0,810000.0,0.020713,-10653,-209.0,-4710.0,-3154,,1,1,0,1,0,0,2.0,3,3,12,0,0,0,1,1,0,0.4517964495302973,0.6725294560721349,,,,,,,,,,,,,,,,,,,,,,,,,,,,,,,,,,,,,,,,,,,,,2.0,1.0,2.0,1.0,-612.0,0,0,0,0,0,0,1,0,0,0,0,0,0,0,0,0,0,0,0,0,,,,,,,True,False,False,False,False,False,False,False,True,False,False,False,False,True,False,False,False,False,True,False,False,False,True,False,False,False,False,False,False,True,False,False,False,False,False,False,False,True,False,False,False,False,False,False,False,False,False,False,False,False,False,False,False,False,False,True,False,False,False,False,False,False,False,False,False,False,False,False,False,False,False,False,False,False,False,False,False,False,False,False,False,False,False,False,False,False,False,False,False,False,False,False,False,False,False,False,False,False,True,False,False,False,False,False,False,False,False,False,False,False,False,False,False,False,False,False,False,False,False,False,False,False,False,False,False,False,False,False,False,False,False,False,False,0.01961888669858256,0.11404901370412948,56250.0,0.37264,0.042499224466706814,,,,,,,,,,,,,,,,,,,,,,,,,,,,,,,,,,,,,,,,,,,,,,,,,,,,,,,,,,,,,,,,,,,,,,,,,,,,,,,,,,,,,,,,,,,,,,,,,,,,,,,,,,,,,,,,,,,,
58509,1,0,1,0,67500.0,127350.0,10057.5,112500.0,0.025164,-20158,,-5258.0,-3669,,1,0,0,1,0,0,2.0,2,2,18,0,0,0,0,0,0,,0.6534635231682893,,0.099,,0.9925,,,0.0,0.2759,0.1667,,,,0.1082,,0.0,0.1008,,0.9926,,,0.0,0.2759,0.1667,,,,0.1127,,0.0,0.0999,,0.9925,,,0.0,0.2759,0.1667,,,,0.1101,,0.0,0.0851,3.0,1.0,3.0,0.0,-2041.0,0,1,0,0,0,0,0,0,0,0,0,0,0,0,0,0,0,0,0,0,,,,,,,True,False,False,True,False,False,False,False,False,False,False,False,True,False,False,False,False,False,False,False,False,True,False,True,False,False,False,False,False,True,False,False,False,False,False,False,False,False,False,False,False,False,False,False,False,False,False,False,False,False,False,False,False,True,False,False,False,False,False,False,False,False,False,False,False,False,False,False,False,False,False,False,False,False,False,False,False,False,False,False,False,False,False,False,False,False,False,False,False,False,False,False,False,False,False,False,False,False,False,False,False,False,False,False,False,False,False,False,False,False,False,False,False,False,False,False,True,False,False,False,False,True,False,False,False,False,False,False,True,False,False,True,False,,0.5300353356890459,33750.0,0.149,0.07897526501766784,,,,,,,,,,,,,,,,,,,,,,,,,,,,,,,,,,,,,,,,,,,,,,,,,,,,,,,,,,,,,,,,,,,,,,,,,,,,,,,,,,,,,,,,,,,,,,,,,,,,,,,,,,,,,,,,,,,,
180972,0,0,1,0,180000.0,835380.0,40320.0,675000.0,0.0228,-8199,-251.0,-3020.0,-856,,1,1,0,1,0,0,2.0,2,2,10,0,0,0,0,1,1,0.2425308819245939,0.0877221640691493,0.3217352821966848,,,,,,,,,,,,,,,,,,,,,,,,,,,,,,,,,,,,,,,,,,,,0.0,0.0,0.0,0.0,0.0,0,1,0,0,0,0,0,0,0,0,0,0,0,0,0,0,0,0,0,0,0.0,0.0,0.0,0.0,0.0,0.0,True,False,False,False,False,False,False,False,True,False,False,False,False,False,False,False,True,False,False,False,False,True,False,True,False,False,False,False,False,False,False,False,False,True,False,False,False,False,False,False,False,False,False,False,False,False,False,False,False,False,False,False,False,False,True,False,False,False,False,False,False,False,False,False,False,False,False,False,False,False,False,False,False,False,False,False,False,False,False,True,False,False,False,False,False,False,False,False,False,False,False,False,False,False,False,False,False,False,False,False,False,False,False,False,False,False,False,False,False,False,False,False,False,False,False,False,False,False,False,False,False,False,False,False,False,False,False,False,False,False,False,False,False,0.030613489449932918,0.21547080370609784,90000.0,0.224,0.048265460030165915,-319.0,-149.0,-234.0,14450.0,216.0,1880.0,1048.0,-17.0,0.0,0.0,1509.3,81000.0,70600.5,141201.0,80644.635,62219.3175,124438.635,0.0,177.6825,355.365,,,0.0,,,,0.0,1.0,0.0,0.0,0.0,0.0,1.0,0.0,0.0,0.0,0.0,0.0,0.0,0.0,0.5,0.5,0.0,0.0,0.0,0.0,0.0,0.0,0.0,0.0,0.0,0.0,0.0,,,,,,,,,,-319.0,-149.0,-234.0,14450.0,216.0,1880.0,1048.0,-17.0,0.0,0.0,1509.3,81000.0,70600.5,141201.0,80644.635,62219.3175,124438.635,0.0,177.6825,355.365,,,0.0,,,,0.0,,,,,,,,,,,,,,,,,,,,,,,,,,,
122098,1,0,0,0,135000.0,157500.0,7875.0,157500.0,0.00702,-16067,-711.0,-1832.0,-2996,,1,1,0,1,0,0,2.0,2,2,9,0,0,0,0,1,1,0.4621824058061692,0.4041699095723664,0.4206109640437848,,,,,,,,,,,,,,,,,,,,,,,,,,,,,,,,,,,,,,,,,,,,8.0,0.0,8.0,0.0,-147.0,0,1,0,0,0,0,0,0,0,0,0,0,0,0,0,0,0,0,0,0,0.0,0.0,0.0,2.0,0.0,2.0,False,True,False,False,False,False,False,False,True,False,False,False,False,False,False,False,True,False,False,False,False,True,False,True,False,False,False,False,False,True,False,False,False,False,False,False,False,False,False,False,False,False,False,False,False,True,False,False,False,False,False,False,False,False,False,False,False,False,True,False,False,False,False,False,False,False,False,False,False,False,False,False,False,False,False,False,False,False,False,False,False,False,False,False,False,False,False,False,False,True,False,False,False,False,False,False,False,False,False,False,False,False,False,False,False,False,False,False,False,False,False,False,False,False,False,False,False,False,False,False,False,False,False,False,False,False,False,False,False,False,False,False,False,0.044252193937885105,0.8571428571428571,67500.0,0.058333333333333334,0.05,-918.0,-300.0,-542.0,108948.0,909.0,909.0,909.0,-116.66666666666667,0.0,0.0,,405000.0,271500.0,814500.0,373738.5,154602.0,463806.0,0.0,0.0,0.0,,,0.0,,,,0.0,0.6666666666666666,0.0,0.3333333333333333,0.0,0.0,1.0,0.0,0.0,0.0,0.0,0.0,0.0,0.0,0.6666666666666666,0.3333333333333333,0.0,0.0,0.0,0.0,0.0,0.0,0.0,0.0,0.0,0.0,0.0,,,,,,,,,,-408.0,-300.0,-354.0,5832.0,,,,-31.5,0.0,0.0,,405000.0,249750.0,499500.0,373738.5,231903.0,463806.0,0.0,,0.0,,,0.0,,,,0.0,-918.0,-918.0,-918.0,,909.0,909.0,909.0,-287.0,0.0,0.0,,315000.0,315000.0,315000.0,0.0,0.0,0.0,0.0,0.0,0.0,,,0.0,,,,0.0
301478,1,0,1,1,171000.0,511920.0,14206.5,405000.0,0.020246,-15180,-5152.0,-5635.0,-4411,,1,1,0,1,0,0,3.0,3,3,14,0,0,0,0,1,1,,0.3141105858273023,0.3523399726917038,,,,,,,,,,,,,,,,,,,,,,,,,,,,,,,,,,,,,,,,,,,,0.0,0.0,0.0,0.0,-3.0,0,1,0,0,0,0,0,0,0,0,0,0,0,0,1,0,0,0,0,0,0.0,0.0,0.0,0.0,0.0,0.0,True,False,False,False,False,False,False,False,True,False,True,False,False,False,False,False,False,False,True,False,False,False,False,True,False,False,False,False,False,True,False,False,False,False,False,False,False,False,False,False,False,False,True,False,False,False,False,False,False,False,False,False,False,False,True,False,False,False,False,False,False,False,False,True,False,False,False,False,False,False,False,False,False,False,False,False,False,False,False,False,False,False,False,False,False,False,False,False,False,False,False,False,False,False,False,False,False,False,False,False,False,False,False,False,False,False,False,False,False,False,False,False,False,False,False,False,False,False,False,False,False,False,False,False,False,False,False,False,False,False,False,False,False,0.3393939393939394,0.3340365682137834,57000.0,0.08307894736842106,0.0277514064697609,-2115.0,-36.0,-615.8571428571429,517213.80952380947,-1791.0,10692.0,1987.2857142857142,-276.0,0.0,0.0,5461.2,1480500.0,446609.5714285714,3126267.0,112527.0,37509.0,112527.0,0.0,0.0,0.0,,,0.0,,,,0.0,0.5714285714285714,0.0,0.42857142857142855,0.0,0.0,1.0,0.0,0.0,0.0,0.0,0.0,0.0,0.0,0.7142857142857143,0.2857142857142857,0.0,0.0,0.0,0.0,0.0,0.0,0.0,0.0,0.0,0.0,0.0,,,,,,,,,,-278.0,-36.0,-174.5,13721.666666666666,612.0,10692.0,3660.75,-25.0,0.0,0.0,6826.5,1480500.0,573184.125,2292736.5,112527.0,112527.0,112527.0,0.0,0.0,0.0,,,0.0,,,,0.0,-2115.0,-744.0,-1204.3333333333333,622010.3333333333,-1791.0,1073.0,-244.0,-610.6666666666666,0.0,0.0,0.0,585000.0,277843.5,833530.5,0.0,0.0,0.0,0.0,0.0,0.0,,,0.0,,,,0.0
304161,1,0,0,0,157500.0,256500.0,17271.0,256500.0,0.028663,-18101,-306.0,-12051.0,-1633,,1,1,0,1,0,0,1.0,2,2,11,0,0,0,0,0,0,,0.607394961141,0.1528662291550415,0.0632,0.0582,0.9767,,,0.0,0.1148,0.1667,,,,,,0.014,0.063,0.0512,0.9777,,,0.0,0.1034,0.1667,,,,,,0.0,0.0625,0.0582,0.9776,,,0.0,0.1034,0.1667,,,,,,0.0,0.0529,1.0,1.0,1.0,1.0,-991.0,0,1,0,0,0,0,0,0,0,0,0,0,0,0,0,0,0,0,0,0,0.0,0.0,0.0,0.0,0.0,2.0,True,False,False,False,False,False,True,False,False,False,False,False,False,False,False,False,True,False,False,False,False,True,False,False,False,True,False,False,False,True,False,False,False,False,False,False,False,False,False,False,False,False,False,False,False,False,False,False,True,False,False,False,True,False,False,False,False,False,False,False,False,False,False,False,False,False,True,False,False,False,False,False,False,False,False,False,False,False,False,False,False,False,False,False,False,False,False,False,False,False,False,False,False,False,False,False,False,False,False,False,False,False,False,False,False,False,False,False,False,False,False,False,False,False,False,False,False,False,False,False,False,False,False,False,False,True,False,False,False,False,False,True,False,0.01690514336224518,0.6140350877192983,157500.0,0.10965714285714286,0.06733333333333333,-2779.0,-155.0,-878.75,731885.3571428572,-2453.0,30953.0,5222.5,-508.0,0.0,0.0,2409.9075000000003,675000.0,286054.875,2288439.0,584896.5,160671.07928571428,1124697.555,0.0,45698.295000000006,274189.77,26086.5,13645.8,0.0,-91.0,0.0,15.0,120.0,0.5,0.0,0.5,0.0,0.0,1.0,0.0,0.0,0.0,0.0,0.0,0.0,0.0,0.625,0.375,0.0,0.0,0.0,0.0,0.0,0.0,0.0,0.0,0.0,0.0,0.0,0.4303977272727273,0.032196969696969696,0.0,0.0,0.0,0.0,0.13541666666666666,0.40198863636363635,0.0,-843.0,-155.0,-377.5,99214.33333333333,1539.0,30953.0,11631.333333333334,-88.75,0.0,0.0,3213.2100000000005,675000.0,374625.0,1498500.0,584896.5,281174.38875,1124697.555,0.0,68547.4425,274189.77,26086.5,10297.5,0.0,-27.0,0.0,13.0,52.0,-2779.0,-634.0,-1380.0,938514.0,-2453.0,-269.0,-1186.3333333333333,-927.25,0.0,0.0,0.0,376920.0,197484.75,789939.0,0.0,0.0,0.0,0.0,0.0,0.0,26086.5,18668.25,0.0,-91.0,0.0,17.0,68.0
98279,0,0,0,0,135000.0,1288350.0,41692.5,1125000.0,0.0096569999999999,-15919,-571.0,-3047.0,-4875,,1,1,0,1,0,0,2.0,2,2,17,0,1,1,0,1,1,0.2483950208347102,0.4568011077831769,,0.0165,0.0,0.9816,0.7484,0.0013,0.0,0.069,0.0417,0.0833,0.0275,0.0134,0.0119,0.0,0.0187,0.0168,0.0,0.9816,0.7583,0.0013,0.0,0.069,0.0417,0.0833,0.0281,0.0147,0.0124,0.0,0.0198,0.0167,0.0,0.9816,0.7518,0.0013,0.0,0.069,0.0417,0.0833,0.0279,0.0137,0.0121,0.0,0.0191,0.0134,0.0,0.0,0.0,0.0,-1207.0,0,1,0,0,0,0,0,0,0,0,0,0,0,0,0,0,0,0,0,0,,,,,,,True,False,False,False,False,False,False,False,True,False,False,False,False,False,False,False,True,False,False,False,False,True,False,True,False,False,False,False,False,True,False,False,False,False,False,False,False,False,False,False,False,False,False,False,False,False,False,False,False,False,False,False,True,False,False,False,False,False,False,False,False,False,False,False,False,False,False,False,False,False,False,False,False,False,False,False,False,False,False,False,False,False,False,False,False,False,False,False,False,False,False,False,False,False,False,False,False,False,False,True,False,False,False,False,False,False,False,False,False,False,False,False,False,False,False,False,False,False,False,True,False,True,False,False,False,False,False,False,False,True,False,True,False,0.03586908725422451,0.10478519035976248,67500.0,0.30883333333333335,0.03236115962277331,,,,,,,,,,,,,,,,,,,,,,,,,,,,,,,,,,,,,,,,,,,,,,,,,,,,,,,,,,,,,,,,,,,,,,,,,,,,,,,,,,,,,,,,,,,,,,,,,,,,,,,,,,,,,,,,,,,,
